SERIAL,MAC,Model,KEYBOARD,MOUSE,MONITOR 1(LEFT),MONITOR 2 (RIGHT),POWER ADAPTER,VGA,Headset,LOCATION,SUB LOCATION,AREA,SUB AREA,QEID,PEIN,USER,Site,PO NUMBER,IMAGE,HPDM HOSTNAME,,Date Deployed,Date Returned,Warranty Start,Warranty End,Status
8CC44530L6,48:EA:62:29:A3:E7,Mini 400 G9,7CL34508R7,9CP4103M0K,CNK74208RZ,CNK74200KV,WHHWK0BCXEB4V9 | WKFBA0CARJYE4M,,,Onsite,4F PRODUCTION,4NPOD01,,,,,Naga,PO005657,Bell Image,NAGDES30L6,#N/A,,,,,Deployed
8CC5122LY1,24:FB:E3:C5:77:8E,Mini 400 G9,7CL34508U7,9CP345F2V7,CNK7470RV2,CNK74903GZ,WHQRV0JGCM18XS,,,Onsite,4F PRODUCTION,4NPOD01A,,,,,Naga,PO006020,Bell Image,NAGDES2LY1,#N/A,,,,,Deployed
8CC6140QBN,B8:87:88:1B:55:0A,Mini 400 G9,7CL34508OT,9CT341065D,CNK74200XS,CNK74200XB,WHQRV0JGCM6C82,,,Onsite,4F PRODUCTION,4NPOD01B,,,,,Naga,PO007001,Bell Image,NAGDES0QBN,#N/A,,,,,Deployed
8CC6140QPT,B8:87:88:1B:56:B1,Mini 400 G9,7CL34508I4,9CP345FWJG,1H36132THZ,CNK742008D,WHQRV0JGCM1222,,,Onsite,4F PRODUCTION,4NPOD01C,,,,,Naga,PO007001,Bell Image,NAGDES0QPT,#N/A,,,,,Deployed
8CC6140QRS,B8:87:88:1B:50:B4,Mini 400 G9,7CL34508SV,9CT34107XP,1H36132THQ,CNK742012N,WHQRV0JGCM11KL,,,Onsite,4F PRODUCTION,4NPOD01D,,,,,Naga,PO007001,Bell Image,NAGDES0QRS,#N/A,,,,,Deployed
8CC6140QHM,B8:87:88:1B:55:9C,Mini 400 G9,7CL34508P3,9CP345FWJC,1H36132TKS,CNK8030481,WHQRV0JGCM18N9,,,Onsite,4F PRODUCTION,4NPOD01E,,,,,Naga,PO007001,Bell Image,NAGDES0QHM,#N/A,,,,,Deployed
8CC6140PTV,B8:87:88:1B:57:0D,Mini 400 G9,7CL34508HJ,9CP4103M0D,1H36132TRS,CNK742010H,WHQRV0JGCM6C4Y,,,Onsite,4F PRODUCTION,4NPOD01F,,,,,Naga,PO007001,Bell Image,NAGDES0PTV,#N/A,,,,,Deployed
8CC6140QFR,B8:87:88:1B:52:70,Mini 400 G9,7CL34002QX,9CP1521C72,1H36132TMD,CNK7490B7B,WHQRV0JGCM6BWQ,,,Onsite,4F PRODUCTION,4NPOD01G,,,,,Naga,PO007001,Bell Image,NAGDES0QFR,#N/A,,,,,Deployed
8CC5122M1D,24:FB:E3:C4:44:62,Mini 400 G9,7CL34508UC,9CP5192V0D,CNK74200TB,1H36132TQ4,WHQRV0JGCM6CF0,,,Onsite,4F PRODUCTION,4NPOD01H,,,,,Naga,PO006020,Bell Image,NAGDES2M1D,#N/A,,,,,Deployed
8CC5122MNK,24:FB:E3:C5:78:5E,Mini 400 G9,7CL34508UD,9CP345FWKS,CNK80303H4,1H36132TRZ,WHQRV0JGCM6CF6,,,Onsite,4F PRODUCTION,4NPOD01I,,,,,Naga,PO006020,Bell Image,NAGDES2MNK,#N/A,,,,,Deployed
8CC5122MX6,24:FB:E3:C4:3F:D1,Mini 400 G9,7CL34508OO,No SN,CNK742007Y,1H36132TCC,WHQRV0JGCM11S6,,,Onsite,4F PRODUCTION,4NPOD01J,,,,,Naga,PO006020,Bell Image,NAGDES2MX6,#N/A,,,,,Deployed
8CC5122M1H,24:FB:E3:C4:44:5F,Mini 400 G9,7CL34508JB,9CP3082WPV,CNK7420004,1H36132TM9,WHQRV0JGCM18ZG,,,Onsite,4F PRODUCTION,4NPOD01K,,,,,Naga,PO006020,Bell Image,NAGDES2M1H,#N/A,,,,,Deployed
8CC5122LXV,24:FB:E3:C5:77:99,Mini 400 G9,7CL34508U2,9CP345F2SH,CNK74208GS,1H36132TMB,WKFBA0CARKP7AJ,,,Onsite,4F PRODUCTION,4NPOD01L,,,,,Naga,PO006020,Bell Image,NAGDES2LXV,#N/A,,,,,Deployed
8CC5122M38,24:FB:E3:C4:36:75,Mini 400 G9,7CL34508JU,9CP4103M16,3CM4112F6K,1H36132TH9,WKFBA0CARKP79W,,,Onsite,4F PRODUCTION,4NPOD01M,,,,,Naga,PO006020,Bell Image,NAGDES2M38,#N/A,,,,,Deployed
8CC5122LVQ,24:FB:E3:C5:76:A0,Mini 400 G9,7CL34508UK,FKTFR0AWYK0IUT,3CM4112F2H,1H36132TH5,WKFBA0CARKP6R4,,,Onsite,4F PRODUCTION,4NPOD01N,,,,,Naga,PO006020,Bell Image,NAGDES2LVQ,#N/A,,,,,Deployed
8CC5250YVV,F8:ED:FC:DE:F0:01,Mini 400 G9,7CL34508TA,FKTFR0AQWK3SM7,CNK74200QN,3CM4112BSM,WFTKU0EGCD2S6Q | WKFBA0CARJYE46,8CJ7361FLG,,Onsite,4F PRODUCTION,4NPOD02,,,,,Naga,PO006171,Bell Image,NAGDES0YVV,#N/A,,,,,Deployed
8CC44530PM,48:EA:62:29:A2:49,Mini 400 G9,BKSZU0CUEKR1J4,9CP3082XGB,CNK3220PV8,CNK3220Q3J,WKFBA0CARK2EOR,,,Onsite,4F PRODUCTION,4NPOD02A,,,,,Naga,PO005657,Bell Image,NAGDES30PM,#N/A,,,,,Deployed
8CC44530T7,48:EA:62:29:A2:5E,Mini 400 G9,7CL34002R9,9CT34106WO,CNK3220PSP,CNK3220PT3,WKFBA0CCXK1NAN,,,Onsite,4F PRODUCTION,4NPOD02B,,,,,Naga,PO005657,Bell Image,NAGDES30T7,#N/A,,,,,Deployed
8CC44530K9,48:EA:62:29:A3:C4,Mini 400 G9,7CL34508U8,9CT34106O0,CNK3220PWH,CNK3220Q33,WKFBA0CDDK13CJ,,,Onsite,4F PRODUCTION,4NPOD02C,,,,,Naga,PO005657,Bell Image,NAGDES30K9,#N/A,,,,,Deployed
8CC44530LM,6C:0B:5E:84:BD:F6,Mini 400 G9,7CL34508OE,FCMHH0CVADQL17,CNK3220Q3S,CNK3220PV3,WKFBA0CDDK13DY,,,Onsite,4F PRODUCTION,4NPOD02D,,,,,Naga,PO005657,Bell Image,NAGDES30LM,#N/A,,,,,Deployed
8CC44530SQ,48:EA:62:29:A1:CC,Mini 400 G9,7CL34508QR,9CP345F2SG,CNK3220Q3H,CNK3220PV6,WKFBA0CDDK13R4,,,Onsite,4F PRODUCTION,4NPOD02E,,,,,Naga,PO005657,Bell Image,NAGDES30SQ,#N/A,,,,,Deployed
8CC44530J5,48:EA:62:29:A1:91,Mini 400 G9,7CL34508J0,FKTFR0AWYKH42W,CNK3220PWQ,CNK3220Q3D,WHQRV0FGCK0VK4,,,Onsite,4F PRODUCTION,4NPOD02F,,,,,Naga,PO005657,Bell Image,NAGDES30J5,#N/A,,,,,Deployed
8CC44530QD,48:EA:62:29:A3:98,Mini 400 G9,7CL34508OQ,9CT502041U,CNK3220Q3P,CNK3220PWN,WHQRV0FGCK0RTR,,,Onsite,4F PRODUCTION,4NPOD02G,,,,,Naga,PO005657,Bell Image,NAGDES30QD,#N/A,,,,,Deployed
8CC44530KZ,48:EA:62:29:A3:E2,Mini 400 G9,7CL34508NX,9CP534OY8O,CNK74200LZ,CNK74200KK,WKFBA0CDDK1396,,,Onsite,4F PRODUCTION,4NPOD02H,,,,,Naga,PO005657,Bell Image,NAGDES30KZ,#N/A,,,,,Deployed
8CC44530L4,48:EA:62:29:A3:E5,Mini 400 G9,7CL34508OH,9CT50203FD,CNK3220PWJ,CNK3220PV0,WKFBA0CDDK167W,,,Onsite,4F PRODUCTION,4NPOD02I,,,,,Naga,PO005657,Bell Image,NAGDES30L4,#N/A,,,,,Deployed
8CC44530GR,6C:0B:5E:84:BD:C0,Mini 400 G9,7CL34508OP,FKTFR0AQWK3SD2,CNK7420123,CNK74200X0,WKFBA0CDDK16A8,,,Onsite,4F PRODUCTION,4NPOD02J,,,,,Naga,PO005657,Bell Image,NAGDES30GR,#N/A,,,,,Deployed
8CC44530RH,48:EA:62:29:A3:C1,Mini 400 G9,7CL34002QW,9CT341073P,CNK3220Q3K,CNK3220PSL,WHQRV0FGCK0RX5,,,Onsite,4F PRODUCTION,4NPOD02K,,,,,Naga,PO005657,Bell Image,NAGDES30RH,#N/A,,,,,Deployed
8CC44530NZ,48:EA:62:29:A1:83,Mini 400 G9,7CL34508VI,9CP5192V75,CNK74208W3,CNK742012H,WHQRV0FGCK0RWD,,,Onsite,4F PRODUCTION,4NPOD02L,,,,,Naga,PO005657,Bell Image,NAGDES30NZ,#N/A,,,,,Deployed
8CC44530RY,48:EA:62:29:A2:78,Mini 400 G9,7CL34002RF,9CP345F2TF,CNK3220Q35,CNK3220PWX,WKFBA0CDDK132W,,,Onsite,4F PRODUCTION,4NPOD02M,,,,,Naga,PO005657,Bell Image,NAGDES30RY,#N/A,,,,,Deployed
8CC5122M25,24:FB:E3:C4:43:4D,Mini 400 G9,7CL34002RI,9CP3082WZQ,3CM3461JMS,CNK7420121,WHQRV0FGCK0RUF,,,Onsite,4F PRODUCTION,4NPOD02N,,,,,Naga,PO006020,Bell Image,NAGDES2M25,#N/A,,,,,Deployed
8CC4390X15,24:6A:0E:DD:AE:DA,Mini 400 G9,7CL34508O8,FKTFR0AQWK3SNK,CNK74200PT,CNK742012W,WKFBA0CARJYE29,,,Onsite,4F PRODUCTION,4NPOD03,,,,,Naga,PO005521,Bell Image,NAGDES0X15,#N/A,,,,,Deployed
8CC44530DV,48:EA:62:29:A2:96,Mini 400 G9,7CL34508RD,9CT34106M7,CNK3220PVD,CNK3220PV7,WKFBA0CDDK13L6,,,Onsite,4F PRODUCTION,4NPOD03A,,,,,Naga,PO005657,Bell Image,NAGDES30DV,#N/A,,,,,Deployed
8CC5122LYD,24:FB:E3:C5:77:C4,Mini 400 G9,7CL34508NA,9CP4103M21,CNK74200XQ,CNK80303YG,WKFBA0CARKP6RF,,,Onsite,4F PRODUCTION,4NPOD03B,,,,,Naga,PO006020,Bell Image,NAGDES2LYD,#N/A,,,,,Deployed
8CC44530G1,48:EA:62:29:A2:B4,Mini 400 G9,7CL34508OK,9CP5192V10,CNK3220PTR,CNK3220Q3T,WKFBA0CDDK1306,,,Onsite,4F PRODUCTION,4NPOD03C,,,,,Naga,PO005657,Bell Image,NAGDES30G1,#N/A,,,,,Deployed
8CC44530GW,6C:0B:5E:84:BD:E0,Mini 400 G9,7CL34508OR,9CT34106N3,CNK742018D,CNK74200TM,WKFBA0CDDK13AN,8CJ7370MCT,,Onsite,4F PRODUCTION,4NPOD03D,,,,,Naga,PO005657,Bell Image,NAGDES30GW,#N/A,,,,,Deployed
8CC44530PG,48:EA:62:29:A2:44,Mini 400 G9,7CL34508M7,No SN,3CM4112BLM,3CM4112BJ3,WKFBA0CDDK13RK,,,Onsite,4F PRODUCTION,4NPOD03E,,,,,Naga,PO005657,Bell Image,NAGDES30PG,#N/A,,,,,Deployed
8CC44530M6,48:EA:62:29:A1:C1,Mini 400 G9,7CL34508M5,9CP345F2T0,CNK74207NG,CNK742018J,WKFBA0CDDK13CD,8CJ7370MCY,,Onsite,4F PRODUCTION,4NPOD03F,,,,,Naga,PO005657,Bell Image,NAGDES30M6,#N/A,,,,,Deployed
8CC44530DS,6C:0B:5E:84:BD:C3,Mini 400 G9,BKSZU0CUEKR1G1,FKTFR0AQWLSWA5,3CM4112FH6,3CM41129VQ,WKFBA0CDDK13NI,,,Onsite,4F PRODUCTION,4NPOD03G,,,,,Naga,PO005657,Bell Image,NAGDES30DS,#N/A,,,,,Deployed
8CC4390X2Z,24:6A:0E:DD:AF:4B,Mini 400 G9,7CL34508P2,9CP5192TZG,CNK74200M0,CNK74207XR,WFTKU0EZKBNR2Z | WKFBA0CARJYE1H,8CJ7370386 | 8CJ7370MB9,,Onsite,4F PRODUCTION,4NPOD03H,,,,,Naga,PO005521,Bell Image,NAGDES0X2Z,#N/A,,,,,Deployed
8CC44530TF,48:EA:62:29:A2:5B,Mini 400 G9,7CL34508LW,9CT34106MY,CNK3220Q3R,CNK3220PS5,WKFBA0CDDK14HU,,,Onsite,4F PRODUCTION,4NPOD03I,,,,,Naga,PO005657,Bell Image,NAGDES30TF,#N/A,,,,,Deployed
8CC44530T9,48:EA:62:29:A2:57,Mini 400 G9,7CL34508O3,9CT34106MH,CNK74200Z0,CNK7420103,WKFBA0CDDK165O,8CJ7370MDL,,Onsite,4F PRODUCTION,4NPOD03J,,,,,Naga,PO005657,Bell Image,NAGDES30T9,#N/A,,,,,Deployed
8CC44530SV,48:EA:62:29:A1:C8,Mini 400 G9,7CL34508OM,9CT50201NT,CNK3220PSX,CNK3220Q34,WKFBA0CDDK16A3,,,Onsite,4F PRODUCTION,4NPOD03K,,,,,Naga,PO005657,Bell Image,NAGDES30SV,#N/A,,,,,Deployed
8CC44530SN,48:EA:62:29:A1:D1,Mini 400 G9,7CL34508T4,FKTFR0AQWK3SFU,3CM41129W3,3CM4112FPH,WKFBA0CDDK138M,8CJ7370MCL,,Onsite,4F PRODUCTION,4NPOD03L,,,,,Naga,PO005657,Bell Image,NAGDES30SN,#N/A,,,,,Deployed
8CC44530KN,48:EA:62:29:A3:D8,Mini 400 G9,7CL34508TD,FKTFRAQWK3SCY,CNK3220PTV,CNK3220Q77,WKFBA0CCXK1MNC,,,Onsite,4F PRODUCTION,4NPOD03M,,,,,Naga,PO005657,Bell Image,NAGDES30KN,#N/A,,,,,Deployed
8CC44530N2,6C:0B:5E:84:BD:F0,Mini 400 G9,7CL34508UJ,9CP14705TZ,CNK74200BN,CNK7420106,WKFBA0CCXK1NB3,8CJ7370MDF,,Onsite,4F PRODUCTION,4NPOD03N,,,,,Naga,PO005657,Bell Image,NAGDES30N2,#N/A,,,,,Deployed
8CC5122LWM,24:FB:E3:C4:36:89,Mini 400 G9,9CP142QDD4,9CT502046C,CNK742010B,CNK742010L,WHHRE0A3UEEGLY | WKFBA0CARJYE4E,,,Onsite,4F PRODUCTION,4NPOD04,,,,,Naga,PO006020,Bell Image,NAGDES2LWM,#N/A,,,,,Deployed
8CC5250YWB,F8:ED:FC:DE:F0:C1,Mini 400 G9,9CT52505TW,FKTFR0AQWL0M2I,3CM4112DXJ,3CM41129X1,WKFBA0CCXKBK84,,,Onsite,4F PRODUCTION,4NPOD04 (right),,,,,,,,NAGDES0YWB,,,,,,
8CC44413MM,6C:0B:5E:7A:E2:BC,Mini 400 G9,7CL34508T2,9CTT4370IVI,3CM4112FRT,3CM4112BG7,WKFBA0CDDK13RI,8CJ7370MB5,,Onsite,4F PRODUCTION,4NPOD04A,,,,,Naga,PO005639,Bell Image,NAGDES13MM,#N/A,,,,,Deployed
8CC44530MN,6C:0B:5E:84:BD:E1,Mini 400 G9,7CL34508T5,No SN,3CM4112BH1,3CM41129WB,WKFBA0CDDK13DZ,,,Onsite,4F PRODUCTION,4NPOD04B,,,,,Naga,PO005657,Bell Image,NAGDES30MN,#N/A,,,,,Deployed
8CC44530KL,48:EA:62:29:A3:AB,Mini 400 G9,7CL34508OC,9CP3082WBY,3CM41129WX,3CM4112FBY,WKFBA0CDDK130S,,,Onsite,4F PRODUCTION,4NPOD04C,,,,,Naga,PO005657,Bell Image,NAGDES30KL,#N/A,,,,,Deployed
8CC44530FN,48:EA:62:29:A2:D4,Mini 400 G9,7CL34508JO,FKTFR0AQWLSVJV,3CM4112DW2,3CM4112BGB,WKFBA0CDDK13LG,,,Onsite,4F PRODUCTION,4NPOD04D,,,,,Naga,PO005657,Bell Image,NAGDES30FN,#N/A,,,,,Deployed
8CC44530K6,48:EA:62:29:A3:B9,Mini 400 G9,7CL34508UA,FKTFR0AQWK3S6W,3CM4112DWC,3CM4112DWS,WKFBA0CDDK169R,,,Onsite,4F PRODUCTION,4NPOD04E,,,,,Naga,PO005657,Bell Image,NAGDES30K6,#N/A,,,,,Deployed
8CC44530GT,6C:0B:5E:84:BD:DA,Mini 400 G9,7CL34508RB,FKTFR0AQWK3SKT,3CM4112BG5,3CM4112BH6,WKFBA0CDDK16AB,,,Onsite,4F PRODUCTION,4NPOD04F,,,,,Naga,PO005657,Bell Image,NAGDES30GT,#N/A,,,,,Deployed
8CC44530J4,48:EA:62:29:A1:92,Mini 400 G9,7CL34508U3,9CP345F2VW,3CM4112FLD,3CM4112FHN,WKFBA0CDDK12Z0,,,Onsite,4F PRODUCTION,4NPOD04G,,,,,Naga,PO005657,Bell Image,NAGDES30J4,#N/A,,,,,Deployed
8CC4390X1K,24:6A:0E:DD:AE:6A,Mini 400 G9,7CL34508O9,9CP4103MOL,CNK74207V6,CNK74208S4,WHGRE0DNJILVWB | WKFBA0CARJYE4H,8CJ73704DR | 8CJ7361FMS,,Onsite,4F PRODUCTION,4NPOD04H,,,,,Naga,PO005521,Bell Image,NAGDES0X1K,#N/A,,,,,Deployed
8CC44530K4,48:EA:62:29:A3:B2,Mini 400 G9,7CL34508HU,9CT4370IY9,3CM4112F26,3CM4112DX3,WKFBA0CCXK1NBD,,,Onsite,4F PRODUCTION,4NPOD04I,,,,,Naga,PO005657,Bell Image,NAGDES30K4,#N/A,,,,,Deployed
8CC44530G2,48:EA:62:29:A2:B3,Mini 400 G9,7CL34508NT,9CP3082WNR,3CM41129WF,3CM41129VX,WKFBA0CDDK12ZN,,,Onsite,4F PRODUCTION,4NPOD04J,,,,,Naga,PO005657,Bell Image,NAGDES30G2,#N/A,,,,,Deployed
8CC44530DM,6C:0B:5E:84:BD:C5,Mini 400 G9,7CL34508UE,FCMHH0CQWE012Q,3CM4112FWB,3CM4112F85,WKFBA0CDDK16AE,,,Onsite,4F PRODUCTION,4NPOD04K,,,,,Naga,PO005657,Bell Image,NAGDES30DM,#N/A,,,,,Deployed
8CC44530SH,48:EA:62:29:A1:D3,Mini 400 G9,7CL34508U9,9CT50203PG,3CM4112BRY,3CM4112F1N,WKFBA0CDDK13QH,,,Onsite,4F PRODUCTION,4NPOD04L,,,,,Naga,PO005657,Bell Image,NAGDES30SH,#N/A,,,,,Deployed
8CC44530FR,48:EA:62:29:A2:BD,Mini 400 G9,7CL34508U5,9CT50203N1,3CM4112FS3,3CM4112B26,WKFBA0CDDK13IK,,,Onsite,4F PRODUCTION,4NPOD04M,,,,,Naga,PO005657,Bell Image,NAGDES30FR,#N/A,,,,,Deployed
8CC44413MZ,6C:0B:5E:7A:E2:B1,Mini 400 G9,7CL34508VF,9CP5192TZ5,3CM4112BH2,3CM41129W5,WKFBA0CDDK13BZ,,,Onsite,4F PRODUCTION,4NPOD04N,,,,,Naga,PO005639,Bell Image,NAGDES13MZ,#N/A,,,,,Deployed
8CC5431CTW,AC:F4:66:B9:14:B5,Mini 400 G9,9CT52505V2,FKTFR0AQWL0M26,3CM3461JLC,3CM4112FSY,WKFBA0CDDLH7H2,,,Onsite,4F PRODUCTION,4NPOD04 (left),,,,,,,,NAGDES1CTW,,,,,,
8CC5250YWX,F8:ED:FC:DE:F0:B1,Mini 400 G9,7CL34508LV,9CP4103M0C,CNK74200TZ,CNK742015G,WHHWK0BCXEB4VJ | WKFBA0CARJY992,8CJ73704FY | 8CJ7490J0P,,Onsite,4F PRODUCTION,4NPOD05,,,,,Naga,PO006171,Bell Image,NAGDES0YWX,#N/A,,,,,Deployed
8CC5250YW5,F8:ED:FC:DE:F0:C7,Mini 400 G9,9CT52505TK,9CT5230FOX,1H35170FV8,1H35170JD6,WKFBA0CDDLH3MR,,,Onsite,4F PRODUCTION,4NPOD05 (right),,,,,,,,NAGDES0YW5,,,,,,
8CC44530JP,48:EA:62:29:A1:8E,Mini 400 G9,7CL34508UM,9CP345F2S4,3CM4112DXF,3CM4112F28,WKFBA0CDDK13QP,8CJ73704FJ,,Onsite,4F PRODUCTION,4NPOD05A,,,,,Naga,PO005657,Bell Image,NAGDES30JP,#N/A,,,,,Deployed
8CC44530HJ,6C:0B:5E:84:7A:A5,Mini 400 G9,BKSZU0CUEK50VR,9CP4103M12,CNK3220PV4,CNK3220PWP,WKFBA0CARK2EYM,,,Onsite,4F PRODUCTION,4NPOD05B,,,,,Naga,PO005657,Bell Image,NAGDES30HJ,#N/A,,,,,Deployed
8CC44530TK,48:EA:62:29:A2:65,Mini 400 G9,7CL34508HS,9CP4103M11,CNK3220Q39,CNK3220Q36,WKFBA0CDDK13QR,,,Onsite,4F PRODUCTION,4NPOD05C,,,,,Naga,PO005657,Bell Image,NAGDES30TK,#N/A,,,,,Deployed
8CC44530JH,48:EA:62:29:A1:88,Mini 400 G9,BKSZU0CUEKR1O4,9CT34106VY,CNK3220PWM,CNK3220PT1,WKFBA0CCXK1MXA,,,Onsite,4F PRODUCTION,4NPOD05D,,,,,Naga,PO005657,Bell Image,NAGDES30JH,#N/A,,,,,Deployed
8CC44530F2,48:EA:62:29:A2:BB,Mini 400 G9,7CL34508UI,FKTFR0AJPK4HSZ,CNK3220PWS,CNK3220PWL,WKFBA0CDDK169X,8CJ73704CK,,Onsite,4F PRODUCTION,4NPOD05E,,,,,Naga,PO005657,Bell Image,NAGDES30F2,#N/A,,,,,Deployed
8CC44530LK,48:EA:62:29:A3:EC,Mini 400 G9,7CL34508LT,9CP4301NFV,CNK3220PTP,CNK3220PTZ,WKFBA0CDDK12ZR,,,Onsite,4F PRODUCTION,4NPOD05F,,,,,Naga,PO005657,Bell Image,NAGDES30LK,#N/A,,,,,Deployed
8CC44530F0,48:EA:62:29:A2:CC,Mini 400 G9,7CL34508I5,9CP345FWJS,CNK3220Q32,CNK3220PV2,WKFBA0CDDK13FB,8CJ73704FG,,Onsite,4F PRODUCTION,4NPOD05G,,,,,Naga,PO005657,Bell Image,NAGDES30F0,#N/A,,,,,Deployed
8CC5122MC1,24:FB:E3:C4:3E:8F,Mini 400 G9,7CL34508LY,7CL33905UK,CNK3220PVB,CNK3220PVV,WKFBA0CDDK169M,,,Onsite,4F PRODUCTION,4NPOD05H,,,,,Naga,PO006020,Bell Image,NAGDES2MC1,#N/A,,,,,Deployed
8CC44413MP,6C:0B:5E:7A:E2:B9,Mini 400 G9,7CL34508OI,9CT34106N9,CNK3220PS9,CNK3220Q4D,WKFBA0CDDK138P,8CJ73704G0,,Onsite,4F PRODUCTION,4NPOD05I,,,,,Naga,PO005639,Bell Image,NAGDES13MP,#N/A,,,,,Deployed
8CC44530HH,6C:0B:5E:84:7A:A4,Mini 400 G9,7CL34508HG,9CT3410715,CNK3220PWV,CNK3220PT5,WKFBA0CDDK133F,,,Onsite,4F PRODUCTION,4NPOD05J,,,,,Naga,PO005657,Bell Image,NAGDES30HH,#N/A,,,,,Deployed
8CC44530JG,48:EA:62:29:A1:87,Mini 400 G9,7CL34508U6,9CP345F2S7,CNK3220PTX,CNK3220PWZ,WKFBA0CDDK13BL,8CJ73704CS,,Onsite,4F PRODUCTION,4NPOD05K,,,,,Naga,PO005657,Bell Image,NAGDES30JG,#N/A,,,,,Deployed
8CC44530GY,6C:0B:5E:84:BD:DE,Mini 400 G9,7CL34508M1,9CT50203II,CNK3220PTS,CNK3220PTN,WHQRV0FGCK0RWT,,,Onsite,4F PRODUCTION,4NPOD05L,,,,,Naga,PO005657,Bell Image,NAGDES30GY,#N/A,,,,,Deployed
8CC44530SB,48:EA:62:29:A2:89,Mini 400 G9,7CL34508T7,9CT4370J1X,CNK3220Q3M,CNK3220PVC,WKFBA0CDDK132T,8CJ73704F7,,Onsite,4F PRODUCTION,4NPOD05M,,,,,Naga,PO005657,Bell Image,NAGDES30SB,#N/A,,,,,Deployed
8CC44413N5,6C:0B:5E:7A:E2:AF,Mini 400 G9,9CP246NV1T,9CT50203NN,CNK3220PWR,CNK3220Q0G,WKFBA0CDDK13R1,,,Onsite,4F PRODUCTION,4NPOD05N,,,,,Naga,PO005639,Bell Image,NAGDES13N5,#N/A,,,,,Deployed
8CC5250YWH,F8:ED:FC:DE:F0:BC,Mini 400 G9,9CT525060X,FKTFR0AQWL0MA8,1H35170FT2,1H35170FTJ,WKFBA0CDDLH3MS,,,Onsite,4F PRODUCTION,4NPOD05 (left),,,,,,,,NAGDES0YWH,,,,,,
8CC44530T2,48:EA:62:29:A2:0D,Mini 400 G9,7CL34508UN,9CT341071N,CNK74208LP,CNK74208V2,WKFBA0CDDK139O,8CJ7490HTG | 8CJ7370MYH,,Onsite,4F PRODUCTION,4NPOD06,,,,,Naga,PO005657,Bell Image,NAGDES30T2,#N/A,,,,,Deployed
8CC44530T5,48:EA:62:29:A2:55,Mini 400 G9,7CL34508OS,9CP345F162,3CM41129YL,CNK7420006,WKFBA0CDDK13L9,8CJ926763C,,Onsite,4F PRODUCTION,4NPOD06A,,,,,Naga,PO005657,Bell Image,NAGDES30T5,#N/A,,,,,Deployed
8CC44530QN,48:EA:62:29:A3:A1,Mini 400 G9,7CL34508M3,FKTFR0AQWLSWU5,CNK74200ZG,3CM4112CNX,WKFBA0CDDK169V,8CJ7361FMV,,Onsite,4F PRODUCTION,4NPOD06B,,,,,Naga,PO005657,Bell Image,NAGDES30QN,#N/A,,,,,Deployed
8CC44530D3,6C:0B:5E:84:BD:D4,Mini 400 G9,7CL34508M8,No SN,3CM4112DBN,CNK7490BGT,WHQRV0FGCK0RNJ,8CJ7361FMB,,Onsite,4F PRODUCTION,4NPOD06C,,,,,Naga,PO005657,Bell Image,NAGDES30D3,#N/A,,,,,Deployed
8CC44530TS,48:EA:62:29:A2:68,Mini 400 G9,7CL34002QT,9CP345FWL5,CNK80303YK,3CM4112FHJ,WKFBA0CDDK132I,,,Onsite,4F PRODUCTION,4NPOD06D,,,,,Naga,PO005657,Bell Image,NAGDES30TS,#N/A,,,,,Deployed
8CC44530GM,6C:0B:5E:84:BD:C4,Mini 400 G9,7CL34508T8,9CP345FWM0,CNK7490CHT,CNK803048H,WKFBA0CCXK1N02,8CJ73704DH,,Onsite,4F PRODUCTION,4NPOD06E,,,,,Naga,PO005657,Bell Image,NAGDES30GM,#N/A,,,,,Deployed
8CC44530QT,48:EA:62:29:A3:9A,Mini 400 G9,BKSZU0CUEK50UO,9CP4301NFH,3CM4112DVL,3CM4112DWB,WKFBA0CDDK1684,,,Onsite,4F PRODUCTION,4NPOD06F,,,,,Naga,PO005657,Bell Image,NAGDES30QT,#N/A,,,,,Deployed
8CC44530KP,48:EA:62:29:A3:D5,Mini 400 G9,7CL34508HR,9CP4103M1C,3CM4112F9D,3CM4112DW4,WKFBA0CCXK1NAY,,,Onsite,4F PRODUCTION,4NPOD06G,,,,,Naga,PO005657,Bell Image,NAGDES30KP,#N/A,,,,,Deployed
8CC44530KV,48:EA:62:29:A3:D9,Mini 400 G9,7CL34508RC,9CT50201LH,CNK3220PT2,CNK3220PWW,WKFBA0CDDK13EX,,,Onsite,4F PRODUCTION,4NPOD06H,,,,,Naga,PO005657,Bell Image,NAGDES30KV,#N/A,,,,,Deployed
8CC44530PZ,48:EA:62:29:A3:7F,Mini 400 G9,7CL34508R4,9CP345FWKF,3CM4112FPD,3CM4112DVW,WKFBA0CDDK137U,,,Onsite,4F PRODUCTION,4NPOD06I,,,,,Naga,PO005657,Bell Image,NAGDES30PZ,#N/A,,,,,Deployed
8CC44530JW,48:EA:62:29:A1:A5,Mini 400 G9,7CL34508HL,9CP4103LRP,CNK3220Q37,CNK3220PV5,WKFBA0CDDK13EW,,,Onsite,4F PRODUCTION,4NPOD06J,,,,,Naga,PO005657,Bell Image,NAGDES30JW,#N/A,,,,,Deployed
8CC44530R4,48:EA:62:29:A3:B0,Mini 400 G9,7CL34508OL,FUDLL0AQWLBG0Z,3CM4112DB7,3CM4112DBJ,WKFBA0CDDK13C2,,,Onsite,4F PRODUCTION,4NPOD06K,,,,,Naga,PO005657,Bell Image,NAGDES30R4,#N/A,,,,,Deployed
8CC44530GF,48:EA:62:29:A2:A8,Mini 400 G9,7CL34508T6,9CP345F2TB,CNK3220PSQ,CNK3220PSY,WKFBA0CCXK1NB4,,,Onsite,4F PRODUCTION,4NPOD06L,,,,,Naga,PO005657,Bell Image,NAGDES30GF,#N/A,,,,,Deployed
8CC44530G4,48:EA:62:29:A2:B1,Mini 400 G9,7CL34508UQ,9CP4344LMW,3CM41122FS2,3CM41129X7,WKFBA0CDDK1301,8CJ7361FMJ,,Onsite,4F PRODUCTION,4NPOD06M,,,,,Naga,PO005657,Bell Image,NAGDES30G4,#N/A,,,,,Deployed
8CC4390X1L,24:6A:0E:DD:AE:66,Mini 400 G9,BKSZU0CUEKR0D7,FKTFR0AQWK3SL1,CNK7490BVK,CNK74207NM,WGSCU0FARDS2HZ | WHQRV0FGCJV887,8CJ7370MCW | 8CJ7361FL7,,Onsite,4F PRODUCTION,4NPOD07,,,,,Naga,PO005521,Bell Image,NAGDES0X1L,#N/A,,,,,Deployed
8CC6140QCW,B8:87:88:1B:53:DE,Mini 400 G9,9CP512PYSB,FCMHH0CJPECB8E,1CR2320LW7,1CR2320LBW,WHQRV0JGCM6CCZ,,,Onsite,4F PRODUCTION,4NPOD07A,,,,,Naga,PO007001,Bell Image,NAGDES0QCW,#N/A,,,,,Deployed
8CC6140PX8,B8:87:88:1B:57:63,Mini 400 G9,BEXHP0AWYDW0C0,FKTFR0AQWK3S5W,1CR2320LTC,1CR2320LB3,WHQRV0JGCM1943,,,Onsite,4F PRODUCTION,4NPOD07B,,,,,Naga,PO007001,Bell Image,NAGDES0PX8,#N/A,,,,,Deployed
8CC6140RCX,B8:87:88:1B:52:11,Mini 400 G9,BEXHP0AWYDW041,9CT5023PN,1CR2320LW8,1CR2320LB2,WHQRV0JGCM12CY,,,Onsite,4F PRODUCTION,4NPOD07C,,,,,Naga,PO007001,Bell Image,NAGDES0RCX,#N/A,,,,,Deployed
8CC6140QSB,B8:87:88:1B:50:5D,Mini 400 G9,BKSZU0CUEKR1J0,9CT50204M8,1CR2320LC2,1CR2320LTH,WHQRV0JGCM12DH,,,Onsite,4F PRODUCTION,4NPOD07D,,,,,Naga,PO007001,Bell Image,NAGDES0QSB,#N/A,,,,,Deployed
8CC6140RSM,B8:87:88:1B:50:37,Mini 400 G9,BKSZU0CUEKR0DE,FCMHH0C9ZA7CRL,1CR2320LBS,1CR2320LC1,WHQRV0JGCM1206,8CJ73704CR,,Onsite,4F PRODUCTION,4NPOD07E,,,,,Naga,PO007001,Bell Image,NAGDES0RSM,#N/A,,,,,Deployed
8CG3471BDZ,7C5758F85B27,T655,9CP142QD0Y,SN unreadable,CNK80303HD,CNK7491D4C,WHGRE0CRLFV0MV,8CJ7370MC8,,Onsite,4F PRODUCTION,4NPOD07F,,,,,Naga,PO004682,Bell Image,NAGDES1BDZ,#N/A,,,,,Deployed
8CN1460RH8,843A5B13E756,T640,BKSZU0CUEKR0E2,9CT50201LJ,CNK74207RZ,CNK742089N,WHGRE0C3GFWKJD,,,Onsite,4F PRODUCTION,4NPOD07G,,,,,Naga,PO001761,Bell Image,NAGTH60RH8,NAGTH60RH8,,,,,Deployed
8CC6140QH6,B8:87:88:1B:54:0A,Mini 400 G9,9CP246NTVC,9CP1470619,3CM4112FJB,3CM4112FHD,WHQRV0JGCM6C8D,,,Onsite,4F PRODUCTION,4NPOD07H,,,,,Naga,PO007001,Bell Image,NAGDES0QH6,#N/A,,,,,Deployed
8CG34717Z7,7C5758F85D2A,T655,9CP43603XR,9CP5192V0G,CNK7490BTS,CNK74207NC,WFTKU0EEABNLB0,8CJ7370MBV,,Onsite,4F PRODUCTION,4NPOD07I,,,,,Naga,PO004682,Bell Image,NAGDES17Z7,#N/A,,,,,Deployed
8CN1460RFB,843A5B13E76D,T640,BKSZU0CUEK50U6,FCMHH0CJPECADL,3CM4112BHD,3CM4112FHP,WHGRE0C3GFWKCI,8CJ7370MDF,,Onsite,4F PRODUCTION,4NPOD07J,,,,,Naga,PO001761,Bell Image,NAGTH60RFB,NAGTH60RFB,,,,,Deployed
8CC6140QDZ,B8:87:88:1B:54:DF,Mini 400 G9,BKSZU0CUEK50IW,9CP5192V0Q,CNK3220Q38,CNK3220Q3F,WHQRV0JGCM11S5,,,Onsite,4F PRODUCTION,4NPOD07K,,,,,Naga,PO007001,Bell Image,NAGDES0QDZ,#N/A,,,,,Deployed
8CN1460RGN,843A5B13C7ED,T640,9CP246NTYJ,9CP14705VM,3CM4112D8X,CNK7420176,WHGRE0C3GFWK0D,,,Onsite,4F PRODUCTION,4NPOD07L,,,,,Naga,PO001761,Bell Image,NAGTH60RGN,NAGTH60RGN,,,,,Deployed
8CC6140Q8R,B8:87:88:1B:53:DD,Mini 400 G9,BKSZU0CUEKR052,9CP3082WNJ,CNK3220PV9,CNK3220PSR,WHQRV0JGCM12BU,,,Onsite,4F PRODUCTION,4NPOD07M,,,,,Naga,PO007001,Bell Image,NAGDES0Q8R,#N/A,,,,,Deployed
8CN1460RHR,843A5B13E760,T640,9CT43603RK,FKTFR0AQWLSVMZ,3CM4112DVP,3CM4112FPB,WHGRE0CRLFV1D3,,,Onsite,4F PRODUCTION,4NPOD07N,,,,,Naga,PO001761,Bell Image,NAGTH60RHR,NAGTH60RHR,,,,,Deployed
8CC5122LX4,24:FB:E3:C5:79:02,Mini 400 G9,9CT52505UV,FKTFR0AQWL0LNU,3CM3461JXC,3CM4112FJD,WHQRV0JGCLFSGO,,,Onsite,4F PRODUCTION,4NPOD08,,,,,Naga,PO006020,Bell Image,NAGDES2LX4,#N/A,,,,,Deployed
8CC5250YW9,F8:ED:FC:DE:F0:C3,Mini 400 G9,9CT525068A,FKTFR0AQWL0M4M,3CM3461LLX,3CM4112F2G,WHQRV0IGCKZQZ1,,,Onsite,4F PRODUCTION,4NPOD08 (right),,,,,,,,NAGDES0YW9,,,,,,
8CG3471B6H,7C5758F85C00,T655,BEXHP0AWYDW03Y,FCMHH0CJPEC83M,CNK74200MH,1H36132TSJ,WHGRE0DNJILVTX,8CJ7490HR1,,Onsite,4F PRODUCTION,4NPOD08A,,,,,Naga,PO004682,Bell Image,NAGDES1B6H,#N/A,,,,,Deployed
8CG34717ZN,7C5758F85F95,T655,BEXHP0AWYDW002,No Serial,CNK74208D3,1H36132TSS,WHHWK0AS8DVATD,8CJ7370MH7,,Onsite,4F PRODUCTION,4NPOD08B,,,,,Naga,PO004682,Bell Image,NAGDES17ZN,#N/A,,,,,Deployed
8CG3471801,7C5758F85F99,T655,BEXHP0AWYDW07I,No Serial,CNK74200Y2,1H36132TS6,WHHRE0A4LCXCYX,8CJ7370MBC,,Onsite,4F PRODUCTION,4NPOD08C,,,,,Naga,PO004686,Bell Image,NAGDES1801,#N/A,,,,,Deployed
8CN1460RHM,843A5B13D7C4,T640,9CP142QD85,No Serial,CNK7420126,1H36132TR8,WHGRE0CRLFV193,8CJ7370MC6,,Onsite,4F PRODUCTION,4NPOD08D,,,,,Naga,PO001761,Bell Image,NAGTH60RHM,NAGTH60RHM,,,,,Deployed
8CG34717ZH,7C5758F85D26,T655,9CP246NTVB,FCMHH0CJPECBRA,CNK74207Y8,1H36132TQ5,WHHWK0BCXEB4V1,8CJ7490HBT,,Onsite,4F PRODUCTION,4NPOD08E,,,,,Naga,PO004686,Bell Image,NAGDES17ZH,#N/A,,,,,Deployed
8CN1460RHX,843A5B13E762,T640,BEXHP0AWYDW0FB,9CT50204N2,CNK742085D,1H36132TK9,WHGRE0CRLFV1DD,8CJ73704F4,,Onsite,4F PRODUCTION,4NPOD08F,,,,,Naga,PO001761,Bell Image,NAGTH60RHX,NAGTH60RHX,,,,,Deployed
8CG3471B7B,7C5758F85A8B,T655,BEXHP0AWYDE04M,FCMHH0CJPEC83T,CNK7490BC1,1H36132STX,WHGRE0DNJILVV8,8CJ7370MCV,,Onsite,4F PRODUCTION,4NPOD08G,,,,,Naga,PO004686,Bell Image,NAGDES1B7B,#N/A,,,,,Deployed
8CN1460RJK,843A5B13D7D2,T640,9CP226NKF5,FKTFR0AQWK3SEE,CNK7420101,1H36132TJF,WHGRE0CRLFV18I,8CJ73704FH,,Onsite,4F PRODUCTION,4NPOD08H,,,,,Naga,PO001761,Bell Image,NAGTH60RJK,NAGTH60RJK,,,,,Deployed
8CG3471BSX,7C5758F85AC1,T655,BEXHP0AWYDW057,FCMHH0CJPEC83N,CNK74207RX,1H36132TK3,WFTKU0EZKBNRK8,8CJ7490HTQ,,Onsite,4F PRODUCTION,4NPOD08I,,,,,Naga,PO004686,Bell Image,NAGDES1BSX,#N/A,,,,,Deployed
8CN1460RH5,843A5B13D7BE,T640,9CP512PYRQ,FCMHH0CQWFB4EA,CNK74200CV,1H36132TJJ,WHGRE0CRLFV1CX,8CJ7361FMN,,Onsite,4F PRODUCTION,4NPOD08J,,,,,Naga,PO001761,Bell Image,NAGTH60RH5,NAGTH60RH5,,,,,Deployed
8CG3471820,7C5758F85DC8,T655,BEXHP0AWYDW0BE,9CP4344LD7,CNK7420879,1H36132TSK,WHGRE0DNJILVS6,8CJ7490HR3,,Onsite,4F PRODUCTION,4NPOD08K,,,,,Naga,PO004682,Bell Image,NAGDES1820,#N/A,,,,,Deployed
8CN1460RG4,843A5B13B7DE,T640,9CP226NKMQ,9CT502011D,CNK74200X4,1H36132TMH,WHGRE0C3GFWKPS,8CJ7361FC2,,Onsite,4F PRODUCTION,4NPOD08L,,,,,Naga,PO001761,Bell Image,NAGTH60RG4,NAGTH60RG4,,,,,Deployed
8CG3471BSY,7C5758F858C7,T655,BEXHP0B9HED033,FCMHH0CJPECBBV,CNK742089M,1H36132TPT,WHGRE0DNJILVZV,8CJ73704F3,,Onsite,4F PRODUCTION,4NPOD08M,,,,,Naga,PO004686,Bell Image,NAGDES1BSY,#N/A,,,,,Deployed
8CN1460RHG,843A5B13E75C,T640,BEXHP0AWYDW00P,FKTFR0AWYKH4JL,CNK7490BVZ,1H36132THH,WHGRE0CRLFV02D,8CJ7370N0H,,Onsite,4F PRODUCTION,4NPOD08N,,,,,Naga,PO001761,Bell Image,NAGTH60RHG,NAGTH60RHG,,,,,Deployed
8CC5250YW2,F8:ED:FC:DE:F0:CA,Mini 400 G9,9CT52505XM,FKTFR0AQWL0M1P,1H35170DDR,1H35170FTX,WHQRV0JGCLFSGD,,,,4F PRODUCTION,4NPOD08 (left),,,,,,,,NAGDES0YW2,,,,,,
8CC4390X26,24:6A:0E:DD:AE:54,Mini 400 G9,BKSZU0CUEM22D4,FCMHH0A67D025N,CNK74903J4,CNK74200YS,WHHWK0BCXEB4US | WKFBA0CARJYAVX,8CJ7370MG8 | 8CJ7370384,,Onsite,4F PRODUCTION,4NPOD09,,,,,Naga,PO005521,Bell Image,NAGDES0X26,#N/A,,,,,Deployed
8CC6140RF1,B8:87:88:1B:51:78,Mini 400 G9,BEXHP0BTJE80M9,No Serial,1CR2320LBL,1CR2320LBV,WHQRV0JGCM6C92,,,Onsite,4F PRODUCTION,4NPOD09A,,,,,Naga,PO007001,Bell Image,NAGDES0RF1,#N/A,,,,,Deployed
8CC6140QNG,B8:87:88:18:9C:09,Mini 400 G9,9CP246NTZ5,No Serial,3CM4112FJN,3CM4112CLF,WHQRV0JGCM11VL,,,Onsite,4F PRODUCTION,4NPOD09B,,,,,Naga,PO007001,Bell Image,NAGDES0QNG,#N/A,,,,,Deployed
8CC6140PMY,B8:87:88:1B:55:4B,Mini 400 G9,BEXHP0B9HED02R,FKTFR0AQWLSV0W,1CR2320LTF,1CR2320LW5,WHQRV0JGCM11SV,,,Onsite,4F PRODUCTION,4NPOD09C,,,,,Naga,PO007001,Bell Image,NAGDES0PMY,#N/A,,,,,Deployed
8CC6140RCQ,B8:87:88:1B:52:13,Mini 400 G9,BEXHP0AWYDW026,FCMHH0CQWE5DDT,1CR2320LDC,1CR2320LBX,WHQRV0JGCM6CEY,,,Onsite,4F PRODUCTION,4NPOD09D,,,,,Naga,PO007001,Bell Image,NAGDES0RCQ,#N/A,,,,,Deployed
8CC6140RGV,B8:87:88:1B:52:ED,Mini 400 G9,BEXHP0AWYDW045,FCMHH0CJPECBAN,1CR2320LB9,1CR2320LB5,WHQRV0JGCM6C98,,,Onsite,4F PRODUCTION,4NPOD09E,,,,,Naga,PO007001,Bell Image,NAGDES0RGV,#N/A,,,,,Deployed
8CC6140Q0Z,B8:87:88:1B:56:23,Mini 400 G9,BEXHP0AWYDHGUA,FCMHH0CQWFV773,1CR2320LW9,1CR2320LBH,WHQRV0JGCM622A,,,Onsite,4F PRODUCTION,4NPOD09F,,,,,Naga,PO007001,Bell Image,NAGDES0Q0Z,#N/A,,,,,Deployed
8CN025041B,7CD30A7EB5F4,T630,BKSZU0CUEK588P,9CT4370J1U,CNK74200TT,1H36132TMC,WGSCU0FARDS2HR,8CJ7370NG7,,Onsite,4F PRODUCTION,4NPOD09G,,,,,Naga,PO000530,Bell Image,NAGTH5041B,NAGTH5041B,,,,,Deployed
8CN02502R9,7CD30A7E35A8,T630,BKSZU0CUEK50S2,FCMHH0CJPEC82D,CNK74924DD,1H36132TSQ,WGSCU0FARDS2AC,8CJ7370MH5,,Onsite,4F PRODUCTION,4NPOD09H,,,,,Naga,PO000530,Bell Image,NAGTH502R9,NAGTH502R9,,,,,Deployed
8CN02503FY,7CD30A7EA5A3,T630,BEXHP0CUEEE088,9CT4370J0A,CNK7490BF3,1H36132TJH,WGSCU0FARDS1BU,8CJ73704FJ,,Onsite,4F PRODUCTION,4NPOD09I,,,,,Naga,PO000530,Bell Image,NAGTH503FY,NAGTH503FY,,,,,Deployed
8CN041058X,64C901DC667D,T630,BEXHP0AWYDW08C,FCMHH0CJPEC838,CNK74903HS,1H36132TPW,WGSCU0FARDS1DL,8CJ7370MBJ,,Onsite,4F PRODUCTION,4NPOD09J,,,,,Naga,PO000841,Bell Image,NAGTH1058X,NAGTH1058X,,,,,Deployed
8CN0250415,7CD30A7EB5E8,T630,BEXHP0AWYE907A,FKTFR0AQWLSW7Q,CNK742015C,1H36132THP,WGMTU0F1RDR7XM,8CJ7160192,,Onsite,4F PRODUCTION,4NPOD09K,,,,,Naga,PO000530,Bell Image,NAGTH50415,NAGTH50415,,,,,Deployed
8CN041057V,64C901DC6664,T630,BEXHP0CUEDV06L,FCMHH0CJPEC83E,CNK7490BTL,1H36132TMJ,WGSCU0FARDS24I,8CJ7370MGZ,,Onsite,4F PRODUCTION,4NPOD09L,,,,,Naga,PO000841,Bell Image,NAGTH1057V,NAGTH1057V,,,,,Deployed
8CN0250405,7CD30A7ED52F,T630,BEXHP0AWYDHGR5,9CP3082X40,CNK74200X6,1H36132TPR,WGMTU0F1RE30RN,8CJ73704CO,,Onsite,4F PRODUCTION,4NPOD09M,,,,,Naga,PO000530,Bell Image,NAGTH50405,NAGTH50405,,,,,Deployed
8CC44530L3,48:EA:62:29:A3:E4,Mini 400 G9,9CP226NKJG,FCMHH0CQWE5DJC,CNK7470RVQ,CNK74200M7,WKFBA0CCXK1NB8,8CJ7370MYX | 8CJ7490H8Z,,Onsite,4F PRODUCTION,4NPOD10,,,,,Naga,PO005657,Bell Image,NAGDES30L3,#N/A,,,,,Deployed
8CN04105LH,64C901DC661B,T630,BEXHP0AWYDW03S,FCMHH0CJPEC832,CNK74924G2,CNK74200J7,WGSCU0FARDS211,8CJ7370MZ2,,Onsite,4F PRODUCTION,4NPOD10A,,,,,Naga,PO000841,Bell Image,NAGTH105LH,NAGTH105LH,,,,,Deployed
8CC6140PGX,B8:87:88:1B:56:D2,Mini 400 G9,9CP246NTWQ,FCMHH0CQWE8GOQ,CN41412T67,CN41412T0D,WHQRV0JGCM6CD4,,,Onsite,4F PRODUCTION,4NPOD10B,,,,,Naga,PO007001,Bell Image,NAGDES0PGX,#N/A,,,,,Deployed
8CN0250329,7CD30A7E95F3,T630,BKSZU0CUEKR1KT,FCMHH0CVADQLHS,CNK7420073,CNK74200J4,WGMTU0G1RE91L6,8CJ7370MYZ,,Onsite,4F PRODUCTION,4NPOD10C,,,,,Naga,PO000530,Bell Image,NAGTH50329,NAGTH50329,,,,,Deployed
8CC6140QQ5,B8:87:88:1B:56:A5,Mini 400 G9,BEXHP0AWYDHH1L,FCMHH0CJPECBNT,CN41412YGN,CN41412WNJ,WHQRV0JGCM18OO,,,Onsite,4F PRODUCTION,4NPOD10D,,,,,Naga,PO007001,Bell Image,NAGDES0QQ5,#N/A,,,,,Deployed
8CN02503DC,7CD30A7EB594,T630,BKSZU0CUEK58B8,FCMHH0CJPECBOU,CNK74924FH,CNK742007S,WGSCU0FARDU1N5,8CJ7370MZN,,Onsite,4F PRODUCTION,4NPOD10E,,,,,Naga,PO000530,Bell Image,NAGTH503DC,NAGTH503DC,,,,,Deployed
8CC6140QJ3,B8:87:88:1B:55:CC,Mini 400 G9,BKSZU0CUEKR0D8,FCMHH0CQWA0S7A,CN41412XTX,CN41412TTM,WHQRV0JGCM121I,,,Onsite,4F PRODUCTION,4NPOD10F,,,,,Naga,PO007001,Bell Image,NAGDES0QJ3,#N/A,,,,,Deployed
8CN0470K25,64C901DE6033,T640,BEXHP0B9HED02S,FCMHH0CJPECBRL,CNK74200P7,CNK7420070,WFTKU0EZKBNQPN,8CJ7370MYG,,Onsite,4F PRODUCTION,4NPOD10G,,,,,Naga,PO001022,Bell Image,NAGTH70K25,NAGTH70K25,,,,,Deployed
8CC6140RG4,B8:87:88:1B:52:F6,Mini 400 G9,BEXHP0BTJE80N6,9CP5192V8L,CN41412XSX,CN41412V0F,WHQRV0JGCM18OV,,,Onsite,4F PRODUCTION,4NPOD10H,,,,,Naga,PO007001,Bell Image,NAGDES0RG4,#N/A,,,,,Deployed
8CN02603HH,7CD30A7E066D,T630,BEXHP0AWYDW04D,9CT50203FT,CNK7490B7J,CNK74200JM,WGMTU0F1RE308L,,,Onsite,4F PRODUCTION,4NPOD10I,,,,,Naga,PO000550,Bell Image,NAGTH603HH,NAGTH603HH,,,,,Deployed
8CC6140QJN,B8:87:88:1B:55:BD,Mini 400 G9,BEXHP0AWYDHGX7,No Serial,CN41412Y1V,CN41412YB9,WHQRV0JGCM6C87,,,Onsite,4F PRODUCTION,4NPOD10J,,,,,Naga,PO007001,Bell Image,NAGDES0QJN,#N/A,,,,,Deployed
8CC6140R3P,B8:87:88:1B:52:23,Mini 400 G9,BEXHP0AWYDW07P,FCMHH0CJPEC82P,1CR2320LDD,1CR2320LCV,WHQRV0JGCM11KM,,,Onsite,4F PRODUCTION,4NPOD10K,,,,,Naga,PO007001,Bell Image,NAGDES0R3P,#N/A,,,,,Deployed
8CC6140R91,B8:87:88:1B:4E:1C,Mini 400 G9,BEXHP0BTJDU0QX,FCMHH0CQWFV7LM,1CR2320LBG,1CR2320LB4,WHQRV0JGCM18P3,,,Onsite,4F PRODUCTION,4NPOD10L,,,,,Naga,PO007001,Bell Image,NAGDES0R91,#N/A,,,,,Deployed
8CC6140PZ4,B8:87:88:1B:57:AE,Mini 400 G9,BEXHP0AWYDW023,FCMHH0CJPECBRR,1CR2320LTB,1CR2320LWK,WHQRV0JGCM6C8H,,,Onsite,4F PRODUCTION,4NPOD10M,,,,,Naga,PO007001,Bell Image,NAGDES0PZ4,#N/A,,,,,Deployed
8CC6140PGW,B8:87:88:1B:56:D3,Mini 400 G9,BEXHP0AWYDHH2P,FCMHH0AKZFW6NO,1CR2320LB8,1CR2320LBK,WHQRV0JGCM18XK,,,Onsite,4F PRODUCTION,4NPOD10N,,,,,Naga,PO007001,Bell Image,NAGDES0PGW,#N/A,,,,,Deployed
8CC44530TG,48:EA:62:29:A2:5C,Mini 400 G9,BEXHP0AWYDW082,9CP3082XG0,CNK742007D,CNK74200PZ,WKFBA0CDDK13F2,8CJ7370MZ0 | 8CJ7370FW7,,Onsite,4F PRODUCTION,4NPOD11,,,,,Naga,PO005657,Bell Image,NAGDES30TG,#N/A,,,,,Deployed
8CN04407RW,64C901DDA6E5,T630,BEXHP0AWYDW020,FCMHH0CJPECBAY,CNK74208WM,1H36132TT3,WGMTU0G1RE95SA,8CJ7370NJ4,,Onsite,4F PRODUCTION,4NPOD11A,,,,,Naga,PO000921,Bell Image,NAGTH407RW,NAGTH407RW,,,,,Deployed
8CC6140Q00,B8:87:88:1B:56:0B,Mini 400 G9,BEXHP0AWYFK08R,No SN,CN41412XSJ,CN41412XT1,WHQRV0JGCM121G,,,Onsite,4F PRODUCTION,4NPOD11B,,,,,Naga,PO007001,Bell Image,NAGDES0Q00,#N/A,,,,,Deployed
8CN04408J0,64C901DDA617,T630,BEXHP0AWYDW04G,FCMHH0CJPEC8L2,CNK74924L0,1H36132TPS,WGMTU0G1RE941E,8CJ7361FNJ,,Onsite,4F PRODUCTION,4NPOD11C,,,,,Naga,PO000921,Bell Image,NAGTH408J0,NAGTH408J0,,,,,Deployed
8CC6140QFX,B8:87:88:1B:52:7D,Mini 400 G9,9CP142QD9P,FCMHH0AKZDQSJ3,CN41412VBJ,CN41412Y5V,WHQRV0JGCM129D,,,Onsite,4F PRODUCTION,4NPOD11D,,,,,Naga,PO007001,Bell Image,NAGDES0QFX,#N/A,,,,,Deployed
8CN04408G8,64C901DDC6E6,T630,BEXHP0CUEDU0DJ,9CP4103M1V,CNK742013K,1H36132TRV,WGMTU0G1RE95S2,8CJ7361FCF,,Onsite,4F PRODUCTION,4NPOD11E,,,,,Naga,PO000921,Bell Image,NAGTH408G8,NAGTH408G8,,,,,Deployed
8CC6140Q9T,B8:87:88:1B:54:7E,Mini 400 G9,BKSZU0CUEKR0DS,9CP4103M17,CN41412T7R,CN41412Y5R,WHQRV0JGCM6CEX,,,Onsite,4F PRODUCTION,4NPOD11F,,,,,Naga,PO007001,Bell Image,NAGDES0Q9T,#N/A,,,,,Deployed
8CN04407SM,64C901DDA643,T630,BEXHP0AWYDW02D,No Serial,CNK7420133,1H36132TK8,WGMTU0F1RE43Q2,8CJ7490HQ2,,Onsite,4F PRODUCTION,4NPOD11G,,,,,Naga,PO000921,Bell Image,NAGTH407SM,NAGTH407SM,,,,,Deployed
8CC6140RL7,B8:87:88:1B:50:19,Mini 400 G9,BEXHP0AWYEG1GX,9CT4370J22,CN41412V9P,CN41412XSZ,WHQRV0JGCM12BN,,,Onsite,4F PRODUCTION,4NPOD11H,,,,,Naga,PO007001,Bell Image,NAGDES0RL7,#N/A,,,,,Deployed
8CN04408K6,64C901DDC62E,T630,9CP246NTZK,FCMHH0CJPECADE,CNK7420037,CNK80303S1,WGSCU0FARDU1VG,8CJ64911S3,,Onsite,4F PRODUCTION,4NPOD11I,,,,,Naga,PO000921,Bell Image,NAGTH408K6,NAGTH408K6,,,,,Deployed
8CC6140QY0,B8:87:88:1B:53:CA,Mini 400 G9,BEXHP0BTJFS239,9CP5192V0X,CN41412YCT,CN41412TSM,WHQRV0JGCM6DJF,,,Onsite,4F PRODUCTION,4NPOD11J,,,,,Naga,PO007001,Bell Image,NAGDES0QY0,#N/A,,,,,Deployed
8CN025034X,7CD30A7E2551,T630,BEXHP0AWYDW0F2,9CP4103M9R,CNK742003G,CNK7490BBT,WGSCU0FARDU256,8CJ73704FK,,Onsite,4F PRODUCTION,4NPOD11K,,,,,Naga,PO000530,Bell Image,NAGTH5034X,NAGTH5034X,,,,,Deployed
8CC6140PJY,B8:87:88:1B:56:46,Mini 400 G9,BEXHP0AWYDW089,FCMHH0CQWED6TO,CN41412WP7,CN41412XSP,WHQRV0JGCM6DIR,,,Onsite,4F PRODUCTION,4NPOD11L,,,,,Naga,PO007001,Bell Image,NAGDES0PJY,#N/A,,,,,Deployed
8CN0250362,7CD30A7E9555,T630,BEXHP0AWYDW0DN,FCMHHOCQWEEHFP,CNK7420144,CNK74208SN,WGSCU0FARDS26U,8CJ7361FMQ,,Onsite,4F PRODUCTION,4NPOD11M,,,,,Naga,PO000530,Bell Image,NAGTH50362,NAGTH50362,,,,,Deployed
8CC6140RJM,B8:87:88:1B:51:19,Mini 400 G9,9CT43603W0,FKTFR0AWYK0IZ3,CN41412T1Q,CN41412XB9,WKFBA0CCXKBKC8,,,Onsite,4F PRODUCTION,4NPOD11N,,,,,Naga,PO007001,Bell Image,NAGDES0RJM,#N/A,,,,,Deployed
8CC44530HS,48:EA:62:29:A3:8D,Mini 400 G9,BEXHP0AWYDHGZF,FKTFR0AQWK3SN0,CNK7490B9P,CNK742003B,WKFBA0CDDK133A,8CJ7370MYW | 8CJ6280PNT,,Onsite,4F PRODUCTION,4NPOD12,,,,,Naga,PO005657,Bell Image,NAGDES30HS,#N/A,,,,,Deployed
8CN04408F3,64C901DDE6CD,T630,BEXHP0AWYDW02C,FKTFR0AQWK3SKP,CNK80304RD,CNK80303YX,WGMTU0G1RE95SK,8CJ716017S,,Onsite,4F PRODUCTION,4NPOD12A,,,,,Naga,PO000921,Bell Image,NAGTH408F3,NAGTH408F3,,,,,Deployed
8CC6140R8T,B8:87:88:1B:51:E3,Mini 400 G9,BEXHP0AWYEG1NG,FCMHH0CQWFB4MY,CN41412TSJ,CN41412YGZ,WKFBA0CARKP7AF,,,Onsite,4F PRODUCTION,4NPOD12B,,,,,Naga,PO007001,Bell Image,NAGDES0R8T,#N/A,,,,,Deployed
8CN0410542,64C901DC6657,T630,BEXHP0AWYDHGW7,FKTFR0AQWK3SNJ,CNK7490BGZ,CNK7420171,WGMTU0F1RE43C2,8CJ7361M34,,Onsite,4F PRODUCTION,4NPOD12C,,,,,Naga,PO000841,Bell Image,NAGTH10542,NAGTH10542,,,,,Deployed
8CN02503T9,7CD30A7EC579,T630,BEXHP0AWYEG1OT,9CP5192V86,CN41412VD6,CN41412XTV,WGSCU0FARDU1PI,,,Onsite,4F PRODUCTION,4NPOD12D,,,,,Naga,PO000530,Bell Image,NAGTH503T9,NAGTH503T9,,,,,Deployed
8CN04408G5,64C901DDC6E1,T630,BEXHP0BTJE80N9,FCMHH0CJPECACR,CNK80304RF,CNK74207QT,WGMTU0F1RE450K,8CJ7361FMT,,Onsite,4F PRODUCTION,4NPOD12E,,,,,Naga,PO000921,Bell Image,NAGTH408G5,NAGTH408G5,,,,,Deployed
8CN041056Q,64C901DC9782,T630,BEXHP0AWYAV4J6,FKTFR0AQWK3S6D,CN41412XSQ,CN41412XRY,WGMTU0F1RE307W,,,Onsite,4F PRODUCTION,4NPOD12F,,,,,Naga,PO000841,Bell Image,NAGTH1056Q,NAGTH1056Q,,,,,Deployed
8CC5122LQP,24:FB:E3:C4:42:D0,Mini 400 G9,BEXHP0AWYEG1OC,FCMHH0CJPECBOW,CN41412XRP,CN41412VD0,WHQRV0JGCM11T5,,,Onsite,4F PRODUCTION,4NPOD12G,,,,,Naga,PO006020,Bell Image,NAGDES2LQP,#N/A,,,,,Deployed
8CN04407XR,64C901DDA6F0,T630,BEXHP0AWYFV06K,FCMHH0CJPEC81I,CNK80304RL,1H36132TJ8,WGMTU0F1RE43BV,8CJ92676QV,,Onsite,4F PRODUCTION,4NPOD12H,,,,,Naga,PO000921,Bell Image,NAGTH407XR,NAGTH407XR,,,,,Deployed
8CC5122LWK,24:FB:E3:C4:36:88,Mini 400 G9,BEXHP0AWYEG1OG,FCMHH0CQWFB6GR,CN41412YHS,CN41412VD2,WHQRV0JGCM6CDU,,,Onsite,4F PRODUCTION,4NPOD12I,,,,,Naga,PO006020,Bell Image,NAGDES2LWK,#N/A,,,,,Deployed
8CN025033D,7CD30A7E956C,T630,BEXHP0AWYDHH6V,FCMHH0CQWDOCGW,CNK80303S4,1H36132THX,WGMTU0F1RE44UM,8CJ73704FD,,Onsite,4F PRODUCTION,4NPOD12J,,,,,Naga,PO000530,Bell Image,NAGTH5033D,NAGTH5033D,,,,,Deployed
8CC5122M0G,24:FB:E3:C4:36:AB,Mini 400 G9,BEXHP0BTJE614M,9CP3082X3X,CN41412YHR,CN41412V1Q,WHQRV0JGCM194J,,,Onsite,4F PRODUCTION,4NPOD12K,,,,,Naga,PO006020,Bell Image,NAGDES2M0G,#N/A,,,,,Deployed
8CN04407N3,64C901DDA6A6,T630,BEXHP0B9HEA1FZ,FCMHH0CJPEC81D,CNK7420107,1H36132TS3,WGMTU0F1RE44SE,8CJ716018B,,Onsite,4F PRODUCTION,4NPOD12L,,,,,Naga,PO000921,Bell Image,NAGTH407N3,NAGTH407N3,,,,,Deployed
8CC5122LPJ,24:FB:E3:C5:77:C8,Mini 400 G9,9CP142QCZB,9CP3082X3H,CN41412Y63,CN41412YH3,WHQRV0JGCM6CAB,,,Onsite,4F PRODUCTION,4NPOD12M,,,,,Naga,PO006020,Bell Image,NAGDES2LPJ,#N/A,,,,,Deployed
8CC44530SR,48:EA:62:29:A1:CB,Mini 400 G9,BKSZU0CUEKR0BJ,FKTFR0AQWLSVL3,CNK74208LF,CNK7420818,WKFBA0CDDK168T,8CJ7370MBR | 8CJ7370MH1,,Onsite,4F PRODUCTION,4NPOD13,,,,,Naga,PO005657,Bell Image,NAGDES30SR,#N/A,,,,,Deployed
8CN04408HQ,64C901DDE634,T630,BKSZU0CUEKR0B9,FKTFR0AQWK3SD4,CNK7490B9Z,CNK74207RR,WGMTU0G1RE95S3,8CJ7490H9T,,Onsite,4F PRODUCTION,4NPOD13A,,,,,Naga,PO000921,Bell Image,NAGTH408HQ,NAGTH408HQ,,,,,Deployed
8CN0250393,7CD30A7E85EE,T630,BEXHP0BTJFU0YL,FCMHH0CQWE5DLH,CN41412XSW,CN41412V2K,WGSCU0FARDU1XM,,,Onsite,4F PRODUCTION,4NPOD13B,,,,,Naga,PO000530,Bell Image,NAGTH50393,NAGTH50393,,,,,Deployed
8CN04408H8,64C901DDE683,T630,BEXHP0AWYDU00D,FCMHH0CJPEC89E,CNK749031M,CNK80304D7,WGMTU0G1RE95RT,8CJ7361FN5,,Onsite,4F PRODUCTION,4NPOD13C,,,,,Naga,PO000921,Bell Image,NAGTH408H8,NAGTH408H8,,,,,Deployed
8CN0410433,64C901DC1471,T630,BEXHP0BTJE6150,FCMHH0CQWDOCB7,CN41412XV7,CN41412TZY,WGSCU0FARDS4EW,,,Onsite,4F PRODUCTION,4NPOD13D,,,,,Naga,PO000841,Bell Image,NAGTH10433,NAGTH10433,,,,,Deployed
8CN04408GB,64C901DDD688,T630,BEXHP0AWYDHGWO,9CP3082X4G,CNK74902X9,CNK7490BSW,WGMTU0F1RE44WS,8CJ7370MZV,,Onsite,4F PRODUCTION,4NPOD13E,,,,,Naga,PO000921,Bell Image,NAGTH408GB,NAGTH408GB,,,,,Deployed
8CN02503J3,7CD30A7EB591,T630,BEXHP0CUEEE0BP,No serial number,CN41412XS8,CN41412XSM,WGSCU0FARDS3TI,,,Onsite,4F PRODUCTION,4NPOD13F,,,,,Naga,PO000530,Bell Image,NAGTH503J3,NAGTH503J3,,,,,Deployed
8CN041057K,64C901DC974D,T630,BEXHP0BTJDU12I,FCMHH0CJPEC81L,CNK74208HF,CNK74200YZ,WGMTU0G1RE95RK,8CJ64911R0,,Onsite,4F PRODUCTION,4NPOD13G,,,,,Naga,PO000841,Bell Image,NAGTH1057K,NAGTH1057K,,,,,Deployed
8CN02503C3,7CD30A7E457B,T630,BEXHP0AWYEG1NB,FCMHH0CQWFB4NC,CN41412V8C,CN41412WN5,WGSCU0FARDS3Z8,,,Onsite,4F PRODUCTION,4NPOD13H,,,,,Naga,PO000530,Bell Image,NAGTH503C3,NAGTH503C3,,,,,Deployed
8CN04408GQ,64C901DDC6F2,T630,BEXHP0AWYDW044,FCMHH0CJPECADH,CNK74200QH,CNK74200VC,WGMTU0F1RE436D,8CJ7361FNC,,Onsite,4F PRODUCTION,4NPOD13I,,,,,Naga,PO000921,Bell Image,NAGTH408GQ,NAGTH408GQ,,,,,Deployed
8CN02502NB,7CD30A7E451E,T630,BEXHP0AWYEG1OP,FCMHH0CQWFB4ND,CN41412YH6,CN41412T5M,WGMTU0F1RE44RD,,,Onsite,4F PRODUCTION,4NPOD13J,,,,,Naga,PO000530,Bell Image,NAGTH502NB,NAGTH502NB,,,,,Deployed
8CN04408HB,64C901DDE637,T630,BEXHP0BTJDU16F,FCMHH0CJPEC81P,CNK74208GK,CNK742089Q,WGMTU0G1RE95RR,8CJ7490HQD,,Onsite,4F PRODUCTION,4NPOD13K,,,,,Naga,PO000921,Bell Image,NAGTH408HB,NAGTH408HB,,,,,Deployed
8CN02502K8,7CD30A7E056A,T630,BKSZU0DTJKREUH,FCMHH0CQWFB4OP,CN41412YGQ,CN41412XRN,WGMTU0F1RE30LJ,,,Onsite,4F PRODUCTION,4NPOD13L,,,,,Naga,PO000530,Bell Image,NAGTH502K8,NAGTH502K8,,,,,Deployed
8CN04408J1,64C901DDA61A,T630,BEXHP0AWYDHGR8,No Serial,CNK7420816,CNK742081C,WGMTU0F1RE41EB,8CJ7370MZP,,Onsite,4F PRODUCTION,4NPOD13M,,,,,Naga,PO000921,Bell Image,NAGTH408J1,NAGTH408J1,,,,,Deployed
8CN0410570,64C901DC970C,T630,BEXHP0AWYDW088,FCMHH0CQWED6UY,CN41412V0N,CN41412XSN,WGSCU0FARDS2BG,,,Onsite,4F PRODUCTION,4NPOD13N,,,,,Naga,PO000841,Bell Image,NAGTH10570,NAGTH10570,,,,,Deployed
8CC44530FM,48:EA:62:29:A2:D9,Mini 400 G9,BEXHP0AWYDE0D2,9CT4370IZV,CNK7490B9X,CNK74208CX,WKFBA0CDDK132N,8CJ7490HPX | 8CJ73704FN,,Onsite,4F PRODUCTION,4NPOD14,,,,,Naga,PO005657,Bell Image,NAGDES30FM,#N/A,,,,,Deployed
8CN04407RQ,64C901DDB68F,T630,BKSZU0CUEKR1WE,FCMHH0CJPEC82I,CNK80303YR,CNK74207QJ,WGMTU0F1RE3085,8CJ7490J5C,,Onsite,4F PRODUCTION,4NPOD14A,,,,,Naga,PO000921,Bell Image,NAGTH407RQ,NAGTH407RQ,,,,,Deployed
8CN04407XD,64C901DDB6E5,T630,9CP226NKHX,9CP3082X35,CN41412T5S,CN41412TSX,WGSCU0FAR952FE,,,Onsite,4F PRODUCTION,4NPOD14B,,,,,Naga,PO000921,Bell Image,NAGTH407XD,NAGTH407XD,,,,,Deployed
8CN0440802,64C901DDE6DA,T630,BEXHP0AWYDW01J,FCMHH0CJPECBS3,CNK80304D9,CNK742086C,WGMTU0F1RE34XD,8CJ7490HQQ,,Onsite,4F PRODUCTION,4NPOD14C,,,,,Naga,PO000921,Bell Image,NAGTH40802,NAGTH40802,,,,,Deployed
8CN02502QT,7CD30A7E25B3,T630,BEXHP0AWYE904S,9CT502042I,CN41412WNZ,CN41412TZV,WGMTU0F1RE30MJ,,,Onsite,4F PRODUCTION,4NPOD14D,,,,,Naga,PO000530,Bell Image,NAGTH502QT,NAGTH502QT,,,,,Deployed
8CN0250339,7CD30A7E9571,T630,BEXHP0CUEDU0LR,FCMHH0CJPEC8LV,CNK80304QZ,CNK74200J8,WGMTU0F1RE43LW,8CJ7490HQT,,Onsite,4F PRODUCTION,4NPOD14E,,,,,Naga,PO000530,Bell Image,NAGTH50339,NAGTH50339,,,,,Deployed
8CN02503VH,7CD30A7EC53C,T630,BEXHP0AWYDHH5X,FCMHH0CQWE5DJY,CN41412XSD,CN41412WPJ,WGMTU0F1RE3058,,,Onsite,4F PRODUCTION,4NPOD14F,,,,,Naga,PO000530,Bell Image,NAGTH503VH,NAGTH503VH,,,,,Deployed
8CN04408HW,64C901DDD6EE,T630,BKSZU0CUEK50XO,FCMHH0CQWA67FG,CNK74902Z3,CNK74200RJ,WGMTU0F1RE43WY,8CJ7370MXV,,Onsite,4F PRODUCTION,4NPOD14G,,,,,Naga,PO000921,Bell Image,NAGTH408HW,NAGTH408HW,,,,,Deployed
8CN025033G,7CD30A7E9563,T630,BEXHP0AWYEG1H0,FCMHH0AKZDQSL8,CN41412YBG,CN41412V25,WGMTU0F1RE435R,,,Onsite,4F PRODUCTION,4NPOD14H,,,,,Naga,PO000530,Bell Image,NAGTH5033G,NAGTH5033G,,,,,Deployed
8CN02503B4,7CD30A7E85FA,T630,BKSZU0CUEKR064,9CT4370IXU,CNK74902VX,CNK74200K7,WGMTU0G1RE980K,8CJ7490HPL,,Onsite,4F PRODUCTION,4NPOD14I,,,,,Naga,PO000530,Bell Image,NAGTH503B4,NAGTH503B4,,,,,Deployed
8CN02502Z9,7CD30A7E95A0,T630,BEXHP0AWYEG1MK,FCMHH0CQWFB6EU,CN41412TSL,CN41412TR0,WGMTU0G1RE940Z,,,Onsite,4F PRODUCTION,4NPOD14J,,,,,Naga,PO000530,Bell Image,NAGTH502Z9,NAGTH502Z9,,,,,Deployed
8CN04407X4,64C901DDB618,T630,BEXHP0BTJDU12A,FCMHH0CJPEC83J,CNK74924DZ,CNK74208SQ,WGMTU0F1RE44WK,8CJ7490HNP,,Onsite,4F PRODUCTION,4NPOD14K,,,,,Naga,PO000921,Bell Image,NAGTH407X4,NAGTH407X4,,,,,Deployed
8CN02502YM,7CD30A7EA528,T630,BEXHP0B9HEA1GH,FCMHH0CQWDOCG2,CN41412XT4,CN41412XRD,WGMTU0F1RDR0KN,,,Onsite,4F PRODUCTION,4NPOD14L,,,,,Naga,PO000530,Bell Image,NAGTH502YM,NAGTH502YM,,,,,Deployed
8CN04407V4,64C901DDA6DF,T630,BEXHP0AWYDHH5W,9CP3082XFJ,CNK7470RTK,CNK74208S6,WGMTU0F1RE30JJ,8CJ7490J58,,Onsite,4F PRODUCTION,4NPOD14M,,,,,Naga,PO000921,Bell Image,NAGTH407V4,NAGTH407V4,,,,,Deployed
8CN041043Q,64C901DC87C2,T630,9CP226NKJP,FCMHH0CVADQM22,CN41412XVM,CN41412YHM,WGSCU0FARDS20N,,,Onsite,4F PRODUCTION,4NPOD14N,,,,,Naga,PO000841,Bell Image,NAGTH1043Q,NAGTH1043Q,,,,,Deployed
8CC44530D9,6C:0B:5E:84:BC:94,Mini 400 G9,BEXHP0AWYDE06I,FCMHH0CJPA9MFB,CNK74207YL,CNK742017H,WKFBA0CDDK130P,8CJ7490J51 | 8CJ7361FD0,,Onsite,4F PRODUCTION,4NPOD15,,,,,Naga,PO005657,Bell Image,NAGDES30D9,#N/A,,,,,Deployed
8CN04407WL,64C901DDB6A9,T630,BEXHP0AWYDW0BM,FCMHH0AKZDQSJ8,CNK742018T,CNK74200W3,WGMTU0G1RE95RU,8CJ7490HCP,,Onsite,4F PRODUCTION,4NPOD15A,,,,,Naga,PO000921,Bell Image,NAGTH407WL,NAGTH407WL,,,,,Deployed
8CN0410527,64C901DC7367,T630,BEXHP0AWYFV0BB,9CP3082WNT,CN41412XVL,CN41412XV3,WGSCU0FARDU1UE,,,Onsite,4F PRODUCTION,4NPOD15B,,,,,Naga,PO000841,Bell Image,NAGTH10527,NAGTH10527,,,,,Deployed
8CN0250420,7CD30A7EB52A,T630,BEXHP0BTJDU0PF,9CT50203ZH,CNK7420137,CNK74200JC,WGMTU0F1RE44SO,8CJ7490HBG,,Onsite,4F PRODUCTION,4NPOD15C,,,,,Naga,PO000530,Bell Image,NAGTH50420,NAGTH50420,,,,,Deployed
8CN02503QY,7CD30A7EA572,T630,9CP226NKGT,SN unreadable,CN41412XTM,CN41412V2H,WGMTU0F1RE43Q5,,,Onsite,4F PRODUCTION,4NPOD15D,,,,,Naga,PO000530,Bell Image,NAGTH503QY,NAGTH503QY,,,,,Deployed
8CN04408G7,64C901DDC6DE,T630,BKSZU0CUEM24RS,SN unreadable,CNK74200NJ,CNK74208JR,WGMTU0G1RE95KH,8CJ7490H9K,,Onsite,4F PRODUCTION,4NPOD15E,,,,,Naga,PO000921,Bell Image,NAGTH408G7,NAGTH408G7,,,,,Deployed
8CN041051S,64C901DC04BD,T630,BEXHP0AWYDW0G7,9CT502042I,CN41412XVQ,CN41412WQ2,WGMTU0F1RDR6A3,,,Onsite,4F PRODUCTION,4NPOD15F,,,,,Naga,PO000841,Bell Image,NAGTH1051S,NAGTH1051S,,,,,Deployed
8CN0260246,7CD30A7EB851,T630,BEXHP0BTJDU0PH,9CT5020150,CN41412T7S,CN41412XTY,WGSCU0FARDS215,,,Onsite,4F PRODUCTION,4NPOD15G,,,,,Naga,PO000550,Bell Image,NAGTH60246,NAGTH60246,,,,,Deployed
8CN04407W2,64C901DDB6D3,T630,BEXHP0AWYDHGXP,FCMHH0CJPECADM,CNK74207P9,CNK742086K,WGMTU0F1RE43HX,8CJ7490H9N,,Onsite,4F PRODUCTION,4NPOD15H,,,,,Naga,PO000921,Bell Image,NAGTH407W2,NAGTH407W2,,,,,Deployed
8CN0260286,7CD30A7EB82C,T630,BKSZU0DTJKREUD,FCMHH0CQWA0S7M,CN41412WP2,CN41412XTT,WGSCU0FAR9938P,,,Onsite,4F PRODUCTION,4NPOD15I,,,,,Naga,PO000550,Bell Image,NAGTH60286,NAGTH60286,,,,,Deployed
8CN04407ZW,64C901DDE645,T630,BEXHP0AWYDHH6F,FKTFR0AQWLSW97,CNK74208T9,CNK74207QX,WGMTU0F1RE43L3,8CJ7490HNQ,,Onsite,4F PRODUCTION,4NPOD15J,,,,,Naga,PO000921,Bell Image,NAGTH407ZW,NAGTH407ZW,,,,,Deployed
8CN0410553,64C901DC87BF,T630,BEXHP0AWYAV4JW,FCMHH0CJPECBBZ,CN41412T85,CN41412T80,WGSCU0FARA10YN,,,Onsite,4F PRODUCTION,4NPOD15K,,,,,Naga,PO000841,Bell Image,NAGTH10553,NAGTH10553,,,,,Deployed
8CN04407WC,64C901DDB6BD,T630,BKSZU0AWYL45XP,FCMHH0CJPECBOT,CNK74207VF,CNK74200Z9,WGMTU0F1RE3086,8CJ7490JCY,,Onsite,4F PRODUCTION,4NPOD15L,,,,,Naga,PO000921,Bell Image,NAGTH407WC,NAGTH407WC,,,,,Deployed
8CN026026N,7CD30A7E8894,T630,BEXHP0AWYDU007,FCMHH0CVADQL4T,CN41412Y3Q,CN41412T76,WGSCU0FAR993E4,,,Onsite,4F PRODUCTION,4NPOD15M,,,,,Naga,PO000550,Bell Image,NAGTH6026N,NAGTH6026N,,,,,Deployed
8CC44530DP,6C:0B:5E:84:BC:80,Mini 400 G9,BEXHP0AWYDV0AV,FKTFR0AQWLSW5C,CNK74902WQ,CNK74200K6,WKFBA0CDDK138K,8CJ7490HHB6 | 8CJ7370393,,Onsite,4F PRODUCTION,4NPOD16,,,,,Naga,PO005657,Bell Image,NAGDES30DP,#N/A,,,,,Deployed
8CN04105K6,64C901DC73B6,T630,BEXHP0CUEDU0HY,FKTFR0AQWK3SMC,CNK74903SG,CNK74208V0,WGSCU0FARDS1ZY,8CJ7490HB7,,Onsite,4F PRODUCTION,4NPOD16A,,,,,Naga,PO000841,Bell Image,NAGTH105K6,NAGTH105K6,,,,,Deployed
8CN02503RK,7CD30A7EB550,T630,BEXHP0AWYDW00K,FCMHH0CVADQL6W,CN41412V1Y,CN41412XSG,WGSCU0FARDS4FQ,,,Onsite,4F PRODUCTION,4NPOD16B,,,,,Naga,PO000530,Bell Image,NAGTH503RK,NAGTH503RK,,,,,Deployed
8CN02601TS,7CD30A7E88C9,T630,9CP149N8GY,FCMHH0CJPEC81U,CNK7490400,CNK74200BD,WGSCU0FARDS4LK,8CJ7490HBX,,Onsite,4F PRODUCTION,4NPOD16C,,,,,Naga,PO000550,Bell Image,NAGTH601TS,NAGTH601TS,,,,,Deployed
8CN02503D3,7CD30A7EB569,T630,BEXHP0CUEDV0C1,FCMHH0CQWDOCP1,CN41412T0F,CN41412XV4,WGSCU0FARDU1OU,,,Onsite,4F PRODUCTION,4NPOD16D,,,,,Naga,PO000530,Bell Image,NAGTH503D3,NAGTH503D3,,,,,Deployed
8CN02502SC,7CD30A7E3502,T630,BEXHP0AWYDW05A,FCMHH0CJPECB8P,CNK74200Q5,CNK7420KL4,WGSCU0FARDS1ZF,8CJ7490HCR,,Onsite,4F PRODUCTION,4NPOD16E,,,,,Naga,PO000530,Bell Image,NAGTH502SC,NAGTH502SC,,,,,Deployed
8CN02505DP,7CD30A7E1699,T630,BEXHP0CUEDV0BZ,9CP5192V7Y,CN41412XST,CN41412XTG,WGSCU0FARDS3RG,,,Onsite,4F PRODUCTION,4NPOD16F,,,,,Naga,PO000530,Bell Image,NAGTH505DP,NAGTH505DP,,,,,Deployed
8CN02601VY,7CD30A7E8871,T630,BEXHP0AWYAV36N,FCMHH0CJPECBQE,CNK7490B9H,CNK74200LT,WGSCU0FARDS3WP,8CJ7490HB4,,Onsite,4F PRODUCTION,4NPOD16G,,,,,Naga,PO000550,Bell Image,NAGTH601VY,NAGTH601VY,,,,,Deployed
8CN026022K,7CD30A7EA89E,T630,BExHP0AWYDHH5A,9CP147061K,CN41412T78,CN41412XT7,WGMTU0F1RE4501,,,Onsite,4F PRODUCTION,4NPOD16H,,,,,Naga,PO000550,Bell Image,NAGTH6022K,NAGTH6022K,,,,,Deployed
8CN02503P4,7CD30A7EB5CA,T630,BEXHP0AWYDHGXK,FCMHH0CJPECBPE,CNK80303V3,CNK74200BT,WGSCU0FARDS2AN,8CJ7490HCN,,Onsite,4F PRODUCTION,4NPOD16I,,,,,Naga,PO000530,Bell Image,NAGTH503P4,NAGTH503P4,,,,,Deployed
8CN02601ZD,7CD30A7EA8F4,T630,BEXHP0AWYEG1GW,FKTFR0AQWLSVJX,CN41412YGH,CN41412XTQ,WGMTU0F1RDR3HI,,,Onsite,4F PRODUCTION,4NPOD16J,,,,,Naga,PO000550,Bell Image,NAGTH601ZD,NAGTH601ZD,,,,,Deployed
8CN02502RK,7CD30A7E25B0,T630,BEXHP0BTJDU0RN,FCMHH0CJPEC81G,CNK7490BG5,CNK74200S8,WGSCU0FARDS3X3,8CJ7490HBK,,Onsite,4F PRODUCTION,4NPOD16K,,,,,Naga,PO000530,Bell Image,NAGTH502RK,NAGTH502RK,,,,,Deployed
8CN025034C,7CD30A7E255B,T630,BEXHP0BCP74HX8,9CP14705TM,CN41412T6V,CN41412T6P,WGSCU0FAR993OF,,,Onsite,4F PRODUCTION,4NPOD16L,,,,,Naga,PO000530,Bell Image,NAGTH5034C,NAGTH5034C,,,,,Deployed
8CC5250YX0,F8:ED:FC:DE:F1:31,Mini 400 G9,BEXHP0AWYDHH71,FCMHH0CQWE5DMZ,CNK7490BFP,CNK7420134,WKFBA0CARKP7AC,8CJ7490HCJ,,Onsite,4F PRODUCTION,4NPOD16M,,,,,Naga,PO006171,Bell Image,NAGDES0YX0,#N/A,,,,,Deployed
8CN02502L3,7CD30A7E2571,T630,BEXHP0AWYDHH0T,FCMHH0AHDE99HX,CN41412XT8,CN41412WP5,WGSCU0FARDS262,,,Onsite,4F PRODUCTION,4NPOD16N,,,,,Naga,PO000530,Bell Image,NAGTH502L3,NAGTH502L3,,,,,Deployed
8CC5250YWK,F8:ED:FC:DE:F0:BA,Mini 400 G9,9CT525064Z,FKTFR0AQWL0M4J,1H35170FV6,1H35170JDY,WHQRV0IGCKZR58,,,Onsite,4F PRODUCTION,4NPOD17,,,,,Naga,PO006171,Bell Image,NAGDES0YWK,#N/A,,,,,
8CC5250YVY,F8:ED:FC:DE:F0:02,Mini 400 G9,9CT52505V3,FKTFR0AQWL0M3C,1H35170FTP,1H35170JDM,WHQRV0IGCKZR05,,,Onsite,4F PRODUCTION,4NPOD17 (right),,,,,,,,NAGDES0YVY,,,,,,
8CN026026W,7CD30A7EB810,T630,BEXHP0AWYDW0AJ,FUDLL0AHDM2FOG,CNK74208SJ,CNK74207RV,WGSCU0FARDS2ME,8CJ7490HB5,,Onsite,4F PRODUCTION,4NPOD17A,,,,,Naga,PO000550,Bell Image,NAGTH6026W,NAGTH6026W,,,,,Deployed
8CC5122M2F,24:FB:E3:C4:44:59,Mini 400 G9,BEXHP0AWYDW0BH,FCMHH0AHDFTDN6,CN41412XV5,CN41412XRS,WKFBA0CDDLH7GW,,,Onsite,4F PRODUCTION,4NPOD17B,,,,,Naga,PO006020,Bell Image,NAGDES2M2F,#N/A,,,,,Deployed
8CN025038V,7CD30A7E95B1,T630,BEXHP0CUEED1IK,FCMHH0CJPEC82F,CNK74903F8,CNK74200K8,WGSCU0FARDS2AQ,8CJ7490HCS,,Onsite,4F PRODUCTION,4NPOD17C,,,,,Naga,PO000530,Bell Image,NAGTH5038V,NAGTH5038V,,,,,Deployed
8CC5122M3T,24:FB:E3:C4:44:76,Mini 400 G9,BEXHP0BTJE80RJ,FCMHH0CQWFB56O,CN41412TSV,CN41412WNV,WKFBA0CDDLH8UJ,,,Onsite,4F PRODUCTION,4NPOD17D,,,,,Naga,PO006020,Bell Image,NAGDES2M3T,#N/A,,,,,Deployed
8CN02503V3,7CD30A7EC54F,T630,BEXHP0BTJDU0NL,FKTFR0AQWLSWNQ,CNK74902Y8,CNK7420KL3,WGMTU0F1RE30JM,8CJ7490J4Y,,Onsite,4F PRODUCTION,4NPOD17E,,,,,Naga,PO000530,Bell Image,NAGTH503V3,NAGTH503V3,,,,,Deployed
8CC44530JB,48:EA:62:29:A1:AE,Mini 400 G9,BEXHP0AWYFK094,9CT4370KDM,CN41412XTS,CN41412YHP,WKFBA0CDDKP2AM,,,Onsite,4F PRODUCTION,4NPOD17F,,,,,Naga,PO005657,Bell Image,NAGDES30JB,#N/A,,,,,Deployed
8CN0410519,64C901DC04C3,T630,BEXHP0AWYDW04C,FCMHH0CJPEC83L,CNK74200NR,CNK74207YF,WGSCU0FARDS2B5,8CJ716017V,,Onsite,4F PRODUCTION,4NPOD17G,,,,,Naga,PO000841,Bell Image,NAGTH10519,NAGTH10519,,,,,Deployed
8CN025034M,7CD30A7E255D,T630,BEXHP0AWYDW06J,FMHH0CQWFVAHC,CN41412T1K,CN41412XSC,WMTU0G1RE980W,,,Onsite,4F PRODUCTION,4NPOD17H,,,,,Naga,PO000530,Bell Image,NAGTH5034M,NAGTH5034M,,,,,Deployed
8CN04105FD,64C901DC7655,T630,BEXHP0CUEDU0HN,FCMHH0CJPECBCE,CNK74208RJ,CNK74208D2,WGMTU0F1RE451N,8CJ7490HBR,,Onsite,4F PRODUCTION,4NPOD17I,,,,,Naga,PO000841,Bell Image,NAGTH105FD,NAGTH105FD,,,,,Deployed
8CC5122M3Q,24:FB:E3:C4:44:7B,Mini 400 G9,BEXHP0BTJDU0PY,FCMHH0CVADQL1S,CN41412XTN,CN41412WQ1,WHQRV0IGCKZQWU,,,Onsite,4F PRODUCTION,4NPOD17J,,,,,Naga,PO006020,Bell Image,NAGDES2M3Q,#N/A,,,,,Deployed
8CN0250364,7CD30A7E955F,T630,BEXHP0AWYDHGT2,9CT50203ZP,CNK742085S,CNK74200XK,WGSCU0FARDS2RD,8CJ7490HB8,,Onsite,4F PRODUCTION,4NPOD17K,,,,,Naga,PO000530,Bell Image,NAGTH50364,NAGTH50364,,,,,Deployed
8CC5122M3J,24:FB:E3:C4:44:81,Mini 400 G9,BEXHP0AWYDE08E,FCMHH0CJPEC822,CN41412WQ0,CN41412T7Z,WKFBA0CARKP6SH,,,Onsite,4F PRODUCTION,4NPOD17L,,,,,Naga,PO006020,Bell Image,NAGDES2M3J,#N/A,,,,,Deployed
8CN02503NF,7CD30A7EA556,T630,BKSZU0CUEKR1SK,BEXHP0BTJE6189,CNK7420KL2,CNK74208RD,WGSCU0FARDU1IR,8CJ7490HC2,,Onsite,4F PRODUCTION,4NPOD17M,,,,,Naga,PO000530,Bell Image,NAGTH503NF,NAGTH503NF,,,,,Deployed
8CC5122LXQ,24:FB:E3:C5:77:9C,Mini 400 G9,BEXHP0BTJDU14Y,FCMHH0CJPEC8LP,CN41412XV2,CN41412T7W,WKFBA0CARKP79E,,,Onsite,4F PRODUCTION,4NPOD17N,,,,,Naga,PO006020,Bell Image,NAGDES2LXQ,#N/A,,,,,Deployed
8CC5250YW7,F8:ED:FC:DE:F0:C5,Mini 400 G9,9CT525066K,FKTFR0AQWL0M3N,1H35170FTD,1H35170JDZ,WHQRV0IGCKZQV9,,,,4F PRODUCTION,4NPOD17 (left),,,,,,,,NAGDES0YW7,,,,,,
8CC44530SC,48:EA:62:29:A2:8A,Mini 400 G9,BKSZU0CUEM2504,9CP14705V6,CNK74902XS,CNK74208WL,WKFBA0CDDK13F5,8CJ7490HCH | 8CJ7490J4P,,Onsite,4F PRODUCTION,4NPOD18,,,,,Naga,PO005657,Bell Image,NAGDES30SC,#N/A,,,,,Deployed
8CN02601XZ,7CD30A7EA882,T630,BEXHP0AWYDW01L,FCMHH0CJPECB8Q,CNK749032H,CNK74207QW,WGMTU0F1RE30K5,8CJ7490HBZ,,Onsite,4F PRODUCTION,4NPOD18A,,,,,Naga,PO000550,Bell Image,NAGTH601XZ,NAGTH601XZ,,,,,Deployed
8CN02503NL,7CD30A7EA54F,T630,BEXHP0BTJE9086,9CP5192TZT,CN41412WP9,CN41412V1N,WGSCU0FARDS2HY,,,Onsite,4F PRODUCTION,4NPOD18B,,,,,Naga,PO000530,Bell Image,NAGTH503NL,NAGTH503NL,,,,,Deployed
8CN02503TG,7CD30A7EC57F,T630,BEXHP0AWYDW02Y,FCMHH0CJPEC816,CNK7490BTV,CNK7420KKX,WGMTU0F1RE43VJ,8CJ7490HTZ,,Onsite,4F PRODUCTION,4NPOD18C,,,,,Naga,PO000530,Bell Image,NAGTH503TG,NAGTH503TG,,,,,Deployed
8CN04105BN,64C901DC66FD,T630,BEXHP0BTJE901Q,FCMHH0CVADQLGB,CN41412V06,CN41412TSF,WGMTU0F1RE30JG,,,Onsite,4F PRODUCTION,4NPOD18D,,,,,Naga,PO000841,Bell Image,NAGTH105BN,NAGTH105BN,,,,,Deployed
8CN041056M,64C901DC97A7,T630,BEXHP0B9HEA1G9,FKTFR0AQWK3SM0,CNK7490BDW,CNK74207NV,WGMTU0F1RE43EU,8CJ7490HTH,,Onsite,4F PRODUCTION,4NPOD18E,,,,,Naga,PO000841,Bell Image,NAGTH1056M,NAGTH1056M,,,,,Deployed
8CN041074W,64C901DC78E5,T630,9CP226NKNW,No serial number,CN41412VDD,CN41412WMY,WGMTU0F1RE30JR,,,Onsite,4F PRODUCTION,4NPOD18F,,,,,Naga,PO000841,Bell Image,NAGTH1074W,NAGTH1074W,,,,,Deployed
8CN025033P,7CD30A7E9553,T630,BEXHP0AWYDW05C,FCMHH0CQWA1VAV,CNK74208FW,CNK74207RP,WGMTU0G1RE9414,8CJ7490H9J,,Onsite,4F PRODUCTION,4NPOD18G,,,,,Naga,PO000530,Bell Image,NAGTH5033P,#N/A,,,,,Deployed
8CC5122LYW,24:FB:E3:C5:78:F9,Mini 400 G9,BEXHP0AWYFK08X,9CP3082X3D,CN41412Y6Y,CN41412YHQ,WHQRV0IGCKZQWS,,,Onsite,4F PRODUCTION,4NPOD18H,,,,,Naga,PO006020,Bell Image,NAGDES2LYW,#N/A,,,,,Deployed
8CN04105N9,64C901DC7621,T630,BEXHP0AWYDW047,FCMHH0CQWDOCN,CNK80304QT,CNK74200RL,WGSCU0FARDS4EQ,8CJ7490HBP,,Onsite,4F PRODUCTION,4NPOD18I,,,,,Naga,PO000841,Bell Image,NAGTH105N9,NAGTH105N9,,,,,Deployed
8CC6140RD2,B8:87:88:1B:52:29,Mini 400 G9,BEXHP0B9HED01X,9CT50204MV,CN41412V05,CN41412TSP,WKFBA0CDDK9EFB,,,Onsite,4F PRODUCTION,4NPOD18J,,,,,Naga,PO007001,Bell Image,NAGDES0RD2,#N/A,,,,,Deployed
8CN02502T4,7CD30A7E458E,T630,BKSZU0CUEM250I,9CP3082WZ8,CNK7470ST9,CNK74200W0,WGSCU0FARDS4EA,8CJ7490H99,,Onsite,4F PRODUCTION,4NPOD18K,,,,,Naga,PO000530,Bell Image,NAGTH502T4,NAGTH502T4,,,,,Deployed
8CC5122MK1,24:FB:E3:C4:43:20,Mini 400 G9,BEXHP0AWYEG1EF,SN unreadable,CN41412V2C,CN41412T1J,WKFBA0CDDLH8UA,,,Onsite,4F PRODUCTION,4NPOD18L,,,,,Naga,PO006020,Bell Image,NAGDES2MK1,#N/A,,,,,Deployed
8CC44530H6,6C:0B:5E:84:BD:D6,Mini 400 G9,BKSZU0CUEKR1KY,FKTFR0AQWK3SGE,CNK74924DK,CNK74200RD,WKFBA0CDDK1330,8CJ7490HTK | 8CJ73704CT,,Onsite,4F PRODUCTION,4NPOD19,,,,,Naga,PO005657,Bell Image,NAGDES30H6,#N/A,,,,,Deployed
8CN025036Y,7CD30A7E953D,T630,BEXHP0AWYDW00N,FCMHH0CQWDOCLA,CNK74200NN,CNK74200Z4,WGMTU0F1RE438N,8CJ7490HTL,,Onsite,4F PRODUCTION,4NPOD19A,,,,,Naga,PO000530,Bell Image,NAGTH5036Y,NAGTH5036Y,,,,,Deployed
8CN041055C,64C901DC7684,T630,BEXHP0BTJE618D,FCMHH0A67DOC91,CN41412XRR,CN41412V23,WGSCU0FARDS1ZS,,,Onsite,4F PRODUCTION,4NPOD19B,,,,,Naga,PO000841,Bell Image,NAGTH1055C,NAGTH1055C,,,,,Deployed
8CN0250332,7CD30A7E95DA,T630,BEXHP0AWYDW0AH,FCMHH0CJPEC825,CNK74200PF,CNK74208HD,WGMTU0F1RE30Q0,8CJ7490HV6,,Onsite,4F PRODUCTION,4NPOD19C,,,,,Naga,PO000530,Bell Image,NAGTH50332,NAGTH50332,,,,,Deployed
8CN02503TL,7CD30A7EC581,T630,BEXHP0AWYDHH37,No serial,CN41412T7H,CN41412V2M,WGSCU0FAR933XG,,,Onsite,4F PRODUCTION,4NPOD19D,,,,,Naga,PO000530,Bell Image,NAGTH503TL,NAGTH503TL,,,,,Deployed
8CN0260281,7CD30A7EB83E,T630,BEXHP0BTJE907Q,FCMHH0CJPEC82G,CNK74200YY,CNK74200Z3,WGMTU0F1RE33S3,8CJ7490HV1,,Onsite,4F PRODUCTION,4NPOD19E,,,,,Naga,PO000550,Bell Image,NAGTH60281,NAGTH60281,,,,,Deployed
8CN02502V5,7CD30A7E85C5,T630,BEXHP0AWYDHGTG,FCMHH0AHDFXHT9,CN41412T7P,CN41412TS4,WGSCU0FARDU1HQ,,,Onsite,4F PRODUCTION,4NPOD19F,,,,,Naga,PO000530,Bell Image,NAGTH502V5,NAGTH502V5,,,,,Deployed
8CN041058T,64C901DC661D,T630,BEXHP0AWYDW0AG,FCMHH0CJPECBAE,CNK742086Z,CNK7420KL1,WGMTU0F1RE44WT,8CJ7490HQC,,Onsite,4F PRODUCTION,4NPOD19G,,,,,Naga,PO000841,Bell Image,NAGTH1058T,NAGTH1058T,,,,,Deployed
8CN041043R,64C901DC87AF,T630,BEXHP0BTJDU0RQ,FCMHH0CJPEC82E,CNK74207NH,CNK74207YG,WGMTU0F1RE43VR,8CJ7490HT8,,Onsite,4F PRODUCTION,4NPOD19H,,,,,Naga,PO000841,Bell Image,NAGTH1043R,NAGTH1043R,,,,,Deployed
8CN02502VD,7CD30A7E85D4,T630,BEXHP0AWYDHH4M,FCMHH0A67D0S7G,CN41412YHV,CN41412T79,WGSCU0FARDS2N1,,,Onsite,4F PRODUCTION,4NPOD19I,,,,,Naga,PO000530,Bell Image,NAGTH502VD,NAGTH502VD,,,,,Deployed
8CN041051K,64C901DC0455,T630,BEXHP0AWYDW071,FCMHH0CJPEC817,CNK74200V2,CNK7420872,WGMTU0F1RE43J3,8CJ7490HV3,,Onsite,4F PRODUCTION,4NPOD19J,,,,,Naga,PO000841,Bell Image,NAGTH1051K,NAGTH1051K,,,,,Deployed
8CN0410563,64C901DC87E3,T630,BEXHP0AWYDHGRL,FCMHH0C9266PHV,CN41412WPC,CN41412TQZ,WGMTU0F1RE436Q,,,Onsite,4F PRODUCTION,4NPOD19K,,,,,Naga,PO000841,Bell Image,NAGTH10563,NAGTH10563,,,,,Deployed
8CN02503RT,7CD30A7EB5EF,T630,BEXHP0B9HED031,FKTFR0AQWL0M36,CNK74208JH,CNK74200N1,WGMTU0F1RE43UC,8CJ7490HT4,,Onsite,4F PRODUCTION,4NPOD19L,,,,,Naga,PO000530,Bell Image,NAGTH503RT,NAGTH503RT,,,,,Deployed
8CN02601VL,7CD30A7EA866,T630,BEXHP0CUEDU0DY,FCMHH0CQWDOCB8,CN41412W1F,CN41412TSS,WGSCU0FARDS2MK,,,Onsite,4F PRODUCTION,4NPOD19M,,,,,Naga,PO000550,Bell Image,NAGTH601VL,NAGTH601VL,,,,,Deployed
8CC5250YWJ,F8:ED:FC:DE:F0:BD,Mini 400 G9,BEXHP0AWYE9051,FCMHH0CVADQM6M,CNK74902Z4,CNK74200BG,WKFBA0CCXK1NAZ,8CJ7490J49 | 8CJ71602LL,,Onsite,4F PRODUCTION,4NPOD20,,,,,Naga,PO006171,Bell Image,NAGDES0YWJ,#N/A,,,,,Deployed
8CN02503HG,7CD30A7EB5AF,T630,BEXHP0AWYDW00I,9CP5192TZS,CNK74903V3,CNK74207XW,WGMTU0F1RE4333,8CJ7490HS9,,Onsite,4F PRODUCTION,4NPOD20A,,,,,Naga,PO000530,Bell Image,NAGTH503HG,NAGTH503HG,,,,,Deployed
8CN02603HZ,7CD30A7E0666,T630,BEXHP0AWYFV02S,FKTFR0AQWLHDHN,CN41412T75,CN41412T5P,WGSCU0FARDU1OA,,,Onsite,4F PRODUCTION,4NPOD20B,,,,,Naga,PO000550,Bell Image,NAGTH603HZ,NAGTH603HZ,,,,,Deployed
8CN02503BY,7CD30A7E4573,T630,BEXHP0AWYDW00J,9CP3082WDM,CNK7490CHW,CNK74207NF,WGMTU0F1RE3057,8CJ7490HRT,,Onsite,4F PRODUCTION,4NPOD20C,,,,,Naga,PO000530,Bell Image,NAGTH503BY,NAGTH503BY,,,,,Deployed
8CN0410557,64C901DC766D,T630,BEXHP0AWYFK0CE,FCMHH0CQWE6D1Y,CN41412T7N,CN41412TSH,WGSCU0FARDS2G7,,,Onsite,4F PRODUCTION,4NPOD20D,,,,,Naga,PO000841,Bell Image,NAGTH10557,NAGTH10557,,,,,Deployed
8CN041046C,64C901DC3460,T630,BEXHP0AWYDW01E,FCMHH0CJPECBBJ,CNK74902YJ,CNK74200PK,WGSCU0FARDS3TW,8CJ7490HSM,,Onsite,4F PRODUCTION,4NPOD20E,,,,,Naga,PO000841,Bell Image,NAGTH1046C,NAGTH1046C,,,,,Deployed
8CN026022F,7CD30A7EA89F,T630,BEXHP0BTJFU0K3,9CP14705TW,CN41412WNH,CN41412XT0,WGMTU0G1RE940G,,,Onsite,4F PRODUCTION,4NPOD20F,,,,,Naga,PO000550,Bell Image,NAGTH6022F,NAGTH6022F,,,,,Deployed
8CN02502YZ,7CD30A7EA51C,T630,BEXHP0AWYDW0B2,FCMHH0CJPECB7V,CNK74200DZ,CNK742000D,WGSCU0FARDS2AP,8CJ7490J4J,,Onsite,4F PRODUCTION,4NPOD20G,,,,,Naga,PO000530,Bell Image,NAGTH502YZ,NAGTH502YZ,,,,,Deployed
8CN04408GD,64C901DDB67F,T630,BEXHP0BTJFU0JU,9CP3082WDK,CN41412VCM,CN41412T6N,WGMTU0F1RDR4EI,,,Onsite,4F PRODUCTION,4NPOD20H,,,,,Naga,PO000921,Bell Image,NAGTH408GD,NAGTH408GD,,,,,Deployed
8CN025031D,7CD30A7E9552,T630,BEXHP0AWYDW03U,FCMHH0A67D0B9E,CNK74902YT,CNK742085F,WGMTU0F1RE305B,8CJ7490J47,,Onsite,4F PRODUCTION,4NPOD20I,,,,,Naga,PO000530,Bell Image,NAGTH5031D,NAGTH5031D,,,,,Deployed
8CN02503PC,7CD30A7EB5B7,T630,BEXHP0BTJFU130,FCMHH0CQWFVAGV,CN41412WNS,CN41412WN7,WGSCU0FARDS26R,,,Onsite,4F PRODUCTION,4NPOD20J,,,,,Naga,PO000530,Bell Image,NAGTH503PC,NAGTH503PC,,,,,Deployed
8CN025043S,7CD30A7ED548,T630,BEXHP0AWYDW06T,FCMHH0CJPEC83C,CNK74208RT,CNK742017D,WGMTU0F1RE43I7,8CJ7490HSL,,Onsite,4F PRODUCTION,4NPOD20K,,,,,Naga,PO000530,Bell Image,NAGTH5043S,NAGTH5043S,,,,,Deployed
8CN025044H,7CD30A7ED538,T630,BEXHP0BTJFS2EQ,FCMHH0AHDFTDLX,CN41412XRW,CN41412XSH,WGSCU0FARDU250,,,Onsite,4F PRODUCTION,4NPOD20L,,,,,Naga,PO000530,Bell Image,NAGTH5044H,NAGTH5044H,,,,,Deployed
8CN0260231,7CD30A7EA852,T630,BEXHP0B9HED02V,FCMHH0CJPEC818,CNK7470RVL,CNK74207NB,WGMTU0F1RE43IS,8CJ7490HRD,,Onsite,4F PRODUCTION,4NPOD20M,,,,,Naga,PO000550,Bell Image,NAGTH60231,NAGTH60231,,,,,Deployed
8CN02503LK,7CD30A7EB54D,T630,BEXHP0BTJFS22K,FCMHH0CQWE8GOE,CN41412VDG,CN41412T6Z,WGSCU0FARDS2ML,,,Onsite,4F PRODUCTION,4NPOD20N,,,,,Naga,PO000530,Bell Image,NAGTH503LK,NAGTH503LK,,,,,Deployed
8CC44530T4,48:EA:62:29:A2:59,Mini 400 G9,BEXHP0AWYE90BE,SN unreadable,CNK7420087,CNK74207XZ,WKFBA0CCXK1NBG,8CJ7490HRY | 8CJ7361FDG,,Onsite,4F PRODUCTION,4NPOD21,,,,,Naga,PO005657,Bell Image,NAGDES30T4,#N/A,,,,,Deployed
8CN02503K9,7CD30A7EB574,T630,BEXHP0AWYDW03V,FKTFR0AWYKH42C,CNK74200ML,CNK74208DB,WGMTU0F1RDR859,8CJ7490J4H,,Onsite,4F PRODUCTION,4NPOD21A,,,,,Naga,PO000530,Bell Image,NAGTH503K9,NAGTH503K9,,,,,Deployed
8CN0250301,7CD30A7E9590,T630,BEXHP0AWYFV06T,FKTFR0AWYKH271,CN41412YG8,CN41412T7J,WDVCB0DAR7248J,,,Onsite,4F PRODUCTION,4NPOD21B,,,,,Naga,PO000530,Bell Image,NAGTH50301,NAGTH50301,,,,,Deployed
8CN02503HZ,7CD30A7EB5A6,T630,9PC246NV04,9CP3082WDF,CNK74200BV,CNK74200M4,WGSCU0FARDS2SW,8CJ7490HSX,,Onsite,4F PRODUCTION,4NPOD21C,,,,,Naga,PO000530,Bell Image,NAGTH503HZ,NAGTH503HZ,,,,,Deployed
8CN02503GG,7CD30A7EB523,T630,BEXHP0BTJFS2FX,FCMHH0CQWE5D4M,CN41412WNF,CN41412T77,WGSCU0FAR952RB,,,Onsite,4F PRODUCTION,4NPOD21D,,,,,Naga,PO000530,Bell Image,NAGTH503GG,NAGTH503GG,,,,,Deployed
8CN02503TR,7CD30A7EC55A,T630,BEXHP0AWYDW01K,FCMHH0CQWE5DMB,CNK74208DJ,CNK74200XX,WGMTU0F1RE43LQ,8CJ7490J4C,,Onsite,4F PRODUCTION,4NPOD21E,,,,,Naga,PO000530,Bell Image,NAGTH503TR,NAGTH503TR,,,,,Deployed
8CN0250342,7CD30A7E9562,T630,BEXHP0BTJDU0RJ,FCMHH0CVADQKZ6,CN41412WP3,CN41412T71,WGSCU0FAR993NS,,,Onsite,4F PRODUCTION,4NPOD21F,,,,,Naga,PO000530,Bell Image,NAGTH50342,NAGTH50342,,,,,Deployed
8CN02503TP,7CD30A7EC58C,T630,BEXHP0AWYDHH2Z,FCMHH0CJPECBBU,CNK7470SSX,CNK74200BP,WGSCU0FARA11CK,8CJ7370MG2,,Onsite,4F PRODUCTION,4NPOD21G,,,,,Naga,PO000530,Bell Image,NAGTH503TP,NAGTH503TP,,,,,Deployed
8CN041057Q,64C901DC7616,T630,BEXHP0AWYFK08T,FCMHH0CQWEEHV7,CN41412T7G,CN41412YHG,WGSCU0FAR9523E,,,Onsite,4F PRODUCTION,4NPOD21H,,,,,Naga,PO000841,Bell Image,NAGTH1057Q,NAGTH1057Q,,,,,Deployed
8CN02503SW,7CD30A7EC574,T630,BEXHP0AWYDW07E,FCM0CQWFVDW6,CNK742013B,CNK74208HC,WGMTU0F1RDR7V9,8CJ7490HRH,,Onsite,4F PRODUCTION,4NPOD21I,,,,,Naga,PO000530,Bell Image,NAGTH503SW,NAGTH503SW,,,,,Deployed
8CN02502ZG,7CD30A7E959D,T630,BEXHP0AWYFV02C,9CP1521C7H,CN41412VB1,CN41412T6K,WGSCU0FARDS2MO,,,Onsite,4F PRODUCTION,4NPOD21J,,,,,Naga,PO000530,Bell Image,NAGTH502ZG,NAGTH502ZG,,,,,Deployed
8CN04407WB,64C901DDB6BA,T630,BEXHP0B9HEA1F3,FCMHH0CQWFB4QP,CNK74200BL,CNK742085Z,WGSCU0FARDU1IG,8CJ7490HS4,,Onsite,4F PRODUCTION,4NPOD21K,,,,,Naga,PO000921,Bell Image,NAGTH407WB,NAGTH407WB,,,,,Deployed
8CN02602D0,7CD30A7E4587,T630,BEXHP0AWYEG1FV,No Serial,CN41412Y62,CN41412V0H,WGMTU0F1RDR7VQ,,,Onsite,4F PRODUCTION,4NPOD21L,,,,,Naga,PO000550,Bell Image,NAGTH602D0,NAGTH602D0,,,,,Deployed
8CN041044H,64C901DC04B0,T630,BEXHP0AWYDW0DL,9CP3082WQ6,CNK74200ZL,CNK74200ZD,WGSCU0FARDS26N,8CJ7490HSJ,,Onsite,4F PRODUCTION,4NPOD21M,,,,,Naga,PO000841,Bell Image,NAGTH1044H,NAGTH1044H,,,,,Deployed
8CN025031Y,7CD30A7E9541,T630,BEXHP0AWYFV06G,9CP2261JGY,CN41412V2G,CN41412XRZ,WGSCU0FARDS3YX,,,Onsite,4F PRODUCTION,4NPOD21N,,,,,Naga,PO000530,Bell Image,NAGTH5031Y,NAGTH5031Y,,,,,Deployed
8CC44530FL,48:EA:62:29:A2:DA,Mini 400 G9,9CT52505YE,FKTFR0AQWL0M1K,1H35170JDP,1H35170FT8,WHQRV0IGCKZQWN,,,Onsite,4F PRODUCTION,4NPOD22,,,,,Naga,PO005657,Bell Image,NAGDES30FL,#N/A,,,,,Deployed
8CN02603H7,7CD30A7E061D,T630,9CT52505VC,9CT50203WY,1H35170FTZ,1H35170JF1,WKFBA0CARKP78F,,,Onsite,4F PRODUCTION,4NPOD22 (new right),,,,,,,,NAGTH603H7,,,,,,
8CN02503V1,7CD30A7EC54B,T630,9CP226NKBP,FCMHH0CQWD0CG5,CN41382JGZ,CN41412W16,WGSCU0FAR951W2,,,Onsite,4F PRODUCTION,4NPOD22A,,,,,Naga,PO000530,Bell Image,NAGTH503V1,NAGTH503V1,,,,,Deployed
8CN027017H,7CD30A7D8420,T630,BEXHP0AWYDE0C4,FKTFR0AQWK3SEQ,CNK803048L,CNK74200VX,WHHRE0A3UEEGMS,8CJ7361FK1,,Onsite,4F PRODUCTION,4NPOD22B,,,,,Naga,PO000550,Bell Image,NAGTH7017H,NAGTH7017H,,,,,Deployed
8CN02503PW,7CD30A7EB5B3,T630,BKSZU0CUEKR01L,FCMHH0CQWE8GO2,CN41412TSY,CN41412WND,WGSCU0FAR951W3,,,Onsite,4F PRODUCTION,4NPOD22C,,,,,Naga,PO000530,Bell Image,NAGTH503PW,NAGTH503PW,,,,,Deployed
8CN02503GS,7CD30A7EB50D,T630,BEXHP0AWYDE07Q,FCMHH0CQWDOCRP,CNK7490BB7,CNK74208RQ,WGSCU0FARDS208,8CJ7370MH6,,Onsite,4F PRODUCTION,4NPOD22D,,,,,Naga,PO000530,Bell Image,NAGTH503GS,NAGTH503GS,,,,,Deployed
8CN02503V6,7CD30A7EC54C,T630,9CP226NKNY,FCMHHDA67D0BPP,CN41412Y1Z,CN41412XS6,WGSCU0FAR934EA,,,Onsite,4F PRODUCTION,4NPOD22E,,,,,Naga,PO000530,Bell Image,NAGTH503V6,NAGTH503V6,,,,,Deployed
8CN02601XW,7CD30A7EA860,T630,BKSZU0ATJFTDJE,9CT50200ML,CNK80303HL,CNK742000P,WKFBA0CARKP3YF,8CJ7370MHJ,,Onsite,4F PRODUCTION,4NPOD22F,,,,,Naga,PO000550,Bell Image,NAGTH601XW,NAGTH601XW,,,,,Deployed
8CN02502LL,7CD30A7E2548,T630,BEXHP0AWYDHGSE,FCMHH0CQWFVDZA,CN41412YCZ,CN41412VBS,WGSCU0FAR952EN,,,Onsite,4F PRODUCTION,4NPOD22G,,,,,Naga,PO000530,Bell Image,NAGTH502LL,NAGTH502LL,,,,,Deployed
8CN026022X,7CD30A7EA858,T630,BEXHP0CUEDU0DL,FCMHH0CQWDOCRI,CNK74903SD,CNK74200C6,WFTKU0EZKBNQFC,8CJ7361FKN,,Onsite,4F PRODUCTION,4NPOD22H,,,,,Naga,PO000550,Bell Image,NAGTH6022X,NAGTH6022X,,,,,Deployed
8CN0260255,7CD30A7EB889,T630,BEXHP0AWYFK08W,9CT50201HK,CN41412YC8,CN41412X9K,WGSCU0FAR9523I,,,Onsite,4F PRODUCTION,4NPOD22I,,,,,Naga,PO000550,Bell Image,NAGTH60255,NAGTH60255,,,,,Deployed
8CN0410518,64C901DC04C1,T630,BEXHP0AWYDW07F,9CP4301N4R,CNK7470RVH,CNK742085Y,WFTKU0EZKBNRD8,8CJ7370MGX,,Onsite,4F PRODUCTION,4NPOD22J,,,,,Naga,PO000841,Bell Image,NAGTH10518,NAGTH10518,,,,,Deployed
8CN041054V,64C901DC87B0,T630,9CP226NKCK,FKTFR0AQWK3S45,CN41412YBL,CN41412Y6N,WGSCU0FARDS212,,,Onsite,4F PRODUCTION,4NPOD22K,,,,,Naga,PO000841,Bell Image,NAGTH1054V,NAGTH1054V,,,,,Deployed
8CN02503FF,7CD30A7EB57D,T630,BEXHP0AWYDW07N,9CT50203ZE,CNK742008N,CNK74207N4,WFTKU0EZKBNQWX,8CJ7370MDC,,Onsite,4F PRODUCTION,4NPOD22L,,,,,Naga,PO000530,Bell Image,NAGTH503FF,NAGTH503FF,,,,,Deployed
8CN02503T4,7CD30A7EC56E,T630,9CT43603WM,FCMHH0AHDFXHTU,CN41412W1W,CN41412YC6,WGMTU0F1RDR85F,,,Onsite,4F PRODUCTION,4NPOD22M,,,,,Naga,PO000530,Bell Image,NAGTH503T4,NAGTH503T4,,,,,Deployed
8CN02503DG,7CD30A7EB5A1,T630,BEXHP0AWYDW07O,FKTFR0AWYKH4ND,CNK74200YV,CNK74200YR,WGSCU0FARDS2GP,8CJ737039C,,Onsite,4F PRODUCTION,4NPOD22N,,,,,Naga,PO000530,Bell Image,NAGTH503DG,NAGTH503DG,,,,,Deployed
8CC6140Q5N,B8:87:88:1B:4E:04,Mini 400 G9,9CP523R2P1,FKTFR0AJPLE0FX,1H35170FTY,1H35170JJM,WHQRV0JGCM6CJB,,,Onsite,4F PRODUCTION,4NPOD22 (new left),,,,,,,,NAGDES0Q5N,,,,,,
8CC5122LW3,24:FB:E3:C5:76:8F,Mini 400 G9,9CT52505W8,FKTFR0AQWL0ME6,1H35170JDD,1H35170JDH,WKFBA0CARKP3Y3,,,Onsite,4F PRODUCTION,4NPOD23,,,,,Naga,PO006020,Bell Image,NAGDES2LW3,#N/A,,,,,Deployed
8CN02502RN,7CD30A7E25A4,T630,9CP523R2LW,FKTFR0AJPLE0FP,1H35170JDQ,1H35170FTG,WHQRV0IGCKZQX3,,,Onsite,4F PRODUCTION,4NPOD23 (new right),,,,,,,,NAGTH502RN,,,,,,
8CN025034V,7CD30A7E254D,T630,9CP142QDCY,9CT50204N1,CN41412WQ6,CN41412YBK,WGSCU0FARDS44S,,,Onsite,4F PRODUCTION,4NPOD23A,,,,,Naga,PO000530,Bell Image,NAGTH5034V,NAGTH5034V,,,,,Deployed
8CN02503DS,7CD30A7EB598,T630,BEXHP0AWYDW048,FCMHH0CQWEEHW4,CNK74208GX,CNK74902V6,WGMTU0F1RDR80E,8CJ7490HZZ,,Onsite,4F PRODUCTION,4NPOD23B,,,,,Naga,PO000530,Bell Image,NAGTH503DS,NAGTH503DS,,,,,Deployed
8CN041059N,64C901DC9767,T630,BEXHP0BTJE614R,9CT50204NE,CN41412YD1,CN41412Y9V,WGSCU0FARDS2R8,,,Onsite,4F PRODUCTION,4NPOD23C,,,,,Naga,PO000841,Bell Image,NAGTH1059N,NAGTH1059N,,,,,Deployed
8CN0410555,64C901DC761A,T630,BEXHP0AWYDW0BP,FCMHH0CJPECBA6,CNK74208SP,CNK74208X2,WGSCU0FARDS44N,8CJ7370MGW,,Onsite,4F PRODUCTION,4NPOD23D,,,,,Naga,PO000841,Bell Image,NAGTH10555,NAGTH10555,,,,,Deployed
8CN02502TR,7CD30A7E35DD,T630,BEXHP0CUEDU0A5,FCMHH0AHDFTDMB,CN41412V2P,CN41412YBS,WGMTU0F1RDR3HS,,,Onsite,4F PRODUCTION,4NPOD23E,,,,,Naga,PO000530,Bell Image,NAGTH502TR,NAGTH502TR,,,,,Deployed
8CN02503SD,7CD30A7EC531,T630,BEXHP0AWYDW06K,9CT50204FJ,CNK7420163,CNK74200SB,WGMTU0F1RE3089,8CJ7370MZY,,Onsite,4F PRODUCTION,4NPOD23F,,,,,Naga,PO000530,Bell Image,NAGTH503SD,NAGTH503SD,,,,,Deployed
8CN02503XB,7CD30A7EC5D3,T630,BKSZU0AWYL45UW,FKTFR0AQWK3S5M,CN41382JLR,CN41412YC5,WGSCU0FARDS28R,,,Onsite,4F PRODUCTION,4NPOD23G,,,,,Naga,PO000530,Bell Image,NAGTH503XB,NAGTH503XB,,,,,Deployed
8CN041046P,64C901DC3479,T630,BKSZU0AWYJZ3YH,9CP5192V8H,CNK74200SC,CNK74924DW,WKFBA0CARKP3YF,8CJ7361FLD,,Onsite,4F PRODUCTION,4NPOD23H,,,,,Naga,PO000841,Bell Image,NAGTH1046P,NAGTH1046P,,,,,Deployed
8CC6140PHJ,B8:87:88:1B:57:4B,Mini 400 G9,BEXHP0AWYDW0GC,FKTFR0AQWLSVNE,CN41412YCB,CN41412VB0,WHQRV0JGCM18TI,,,Onsite,4F PRODUCTION,4NPOD23I,,,,,Naga,PO007001,Bell Image,NAGDES0PHJ,#N/A,,,,,Deployed
8CN02603H3,7CD30A7ED5AB,T630,BEXHP0BTJDU0GJ,FCMHH0CVADQLHK,CNK74208D8,CNK742013N,WHHRE0A3UEEHGS,8CJ7361MBK,,Onsite,4F PRODUCTION,4NPOD23J,,,,,Naga,PO000550,Bell Image,NAGTH603H3,NAGTH603H3,,,,,Deployed
8CN025042V,7CD30A7EC502,T630,BEXHP0AWYEG1MM,9CP3082X4B,CN41412YC0,CN41382JDN,WGMTU0F1RE41E6,,,Onsite,4F PRODUCTION,4NPOD23K,,,,,Naga,PO000530,Bell Image,NAGTH5042V,NAGTH5042V,,,,,Deployed
8CN02503QT,7CD30A7EA577,T630,BEXHP0BTJDU0SN,9CT50203J8,CNK74200BK,CNK74200P1,WGSCU0FARDS20J,8CJ7361FKM,,Onsite,4F PRODUCTION,4NPOD23L,,,,,Naga,PO000530,Bell Image,NAGTH503QT,NAGTH503QT,,,,,Deployed
8CN02503ZP,7CD30A7EB5E4,T630,BEXHP0AWYDHH15,9CP5192V0Y,CN41412XS5,CN41412W1C,WGSCU0FARDU1UH,,,Onsite,4F PRODUCTION,4NPOD23M,,,,,Naga,PO000530,Bell Image,NAGTH503ZP,NAGTH503ZP,,,,,Deployed
8CN0410550,64C901DC87AD,T630,BKSZU0CUEKR051,FCMHH0CQWDOCPL,CNK7420030,CNK74200S6,WFTLD0ECX99TDT,8CJ7361FK8,,Onsite,4F PRODUCTION,4NPOD23N,,,,,Naga,PO000841,Bell Image,NAGTH10550,NAGTH10550,,,,,Deployed
8CN02502SF,7CD30A7E3501,T630,9CT52505UI,FUDLL0AJPKUASA,1H35170FTW,1H35170FTS,WKFBA0CARKP79K,,,Onsite,4F PRODUCTION,4NPOD23 (new left),,,,,,,,NAGTH502SF,,,,,,
8CC44530N5,6C:0B:5E:84:BD:F2,Mini 400 G9,BKSZU0CUEKR0E1,9CT50203FW,CNK7491D3Q,CNK742002L,WKFBA0CDDK13L7,8CJ7490HSZ | 8CJ7160191,,Onsite,4F PRODUCTION,4NPOD24,,,,,Naga,PO005657,Bell Image,NAGDES30N5,#N/A,,,,,Deployed
8CN02503H5,7CD30A7EA59E,T630,BEXHP0AWYDW00G,FCMHH0CJPECACQ,CNK7490BVX,CNK74208BC,WGMTU0F1RE43UD,8CJ7361FC9,,Onsite,4F PRODUCTION,4NPOD24A,,,,,Naga,PO000530,Bell Image,NAGTH503H5,NAGTH503H5,,,,,Deployed
8CN041074V,64C901DC50AA,T630,9CP226NKP7,FCMHH0A67DOC7N,CN41412YBN,CN41412YJJ,WGSCU0FARDU1GH,,,Onsite,4F PRODUCTION,4NPOD24B,,,,,Naga,PO000841,Bell Image,NAGTH1074V,NAGTH1074V,,,,,Deployed
8CN041059Q,64C901DC9745,T630,BEXHP0AWYDW0BL,FKTFR0AWYKH26Z,CNK74924FL,CNK7490317,WGMTU0F1RDR0LQ,8CJ7361FK2,,Onsite,4F PRODUCTION,4NPOD24C,,,,,Naga,PO000841,Bell Image,NAGTH1059Q,NAGTH1059Q,,,,,Deployed
8CN02502S4,7CD30A7E25C1,T630,BEXHP0AWYDW04A,FCMHH0CQWE5BYS,CN41412V9S,CN41412Y2G,WGSCU0FARDS4FU,,,Onsite,4F PRODUCTION,4NPOD24D,,,,,Naga,PO000530,Bell Image,NAGTH502S4,NAGTH502S4,,,,,Deployed
8CN02503J2,7CD30A7EB5A9,T630,BEXHP0AWYEG1I7,9CP3082X3S,CNK74208H2,CNK80303HW,WGSCU0FARDS26L,8CJ7361FCH,,Onsite,4F PRODUCTION,4NPOD24E,,,,,Naga,PO000530,Bell Image,NAGTH503J2,NAGTH503J2,,,,,Deployed
8CN02503HF,7CD30A7EB5AD,T630,BKSZU0CUEKR15L,FCMHH0AKZFW7I5,CN41412YB4,CN41412TTQ,WGMTU0G1RE95S1,,,Onsite,4F PRODUCTION,4NPOD24F,,,,,Naga,PO000530,Bell Image,NAGTH503HF,NAGTH503HF,,,,,Deployed
8CN04407TV,64C901DDA6E6,T630,BKSZU0CUEKR1SM,9CT502026J,CNK74207SC,CNK74200V3,WGMTU0F1RDR69R,8CJ7361FN4,,Onsite,4F PRODUCTION,4NPOD24G,,,,,Naga,PO000921,Bell Image,NAGTH407TV,NAGTH407TV,,,,,Deployed
8CN02502KG,7CD30A7E0567,T630,BEXHP0AWYDW0G9,No SN,CN41382JLG,CN41412TT7,WGSCU0FARDS3TF,,,Onsite,4F PRODUCTION,4NPOD24H,,,,,Naga,PO000530,Bell Image,NAGTH502KG,NAGTH502KG,,,,,Deployed
8CN0410579,64C901DC9752,T630,BKSZU0AWYL45OK,9CT5023YG,CNK742086G,CNK74924DY,WGMTU0F1RDR4EA,8CJ7361FKD,,Onsite,4F PRODUCTION,4NPOD24I,,,,,Naga,PO000841,Bell Image,NAGTH10579,NAGTH10579,,,,,Deployed
8CN04407RF,64C901DDB68B,T630,9CP142QD9D,FCMHH0CVADQM7M,CN41412TSQ,CN41412WN3,WGSCU0FARDS2SG,,,Onsite,4F PRODUCTION,4NPOD24J,,,,,Naga,PO000921,Bell Image,NAGTH407RF,NAGTH407RF,,,,,Deployed
8CN04105FG,64C901DC767B,T630,BEXHP0AWYDW0BK,9CP3082X39,CNK74924KN,CNK74208RM,WGSCU0FARDS3TS,8CJ7370MBM,,Onsite,4F PRODUCTION,4NPOD24K,,,,,Naga,PO000841,Bell Image,NAGTH105FG,NAGTH105FG,,,,,Deployed
8CN04407WG,64C901DDB6AE,T630,9CP246NTTP,9CP3082WNM,CN41412XTR,CN41412XSF,WGSCU0FARDS2NH,,,Onsite,4F PRODUCTION,4NPOD24L,,,,,Naga,PO000921,Bell Image,NAGTH407WG,NAGTH407WG,,,,,Deployed
8CN02503FQ,7CD30A7EA5E3,T630,BEXHP0AWYDW06X,FCMHH0CJPEC85K,CNK74208GW,CNK74902Z1,WGSCU0FARDU1MU,8CJ73704FP,,Onsite,4F PRODUCTION,4NPOD24M,,,,,Naga,PO000530,Bell Image,NAGTH503FQ,NAGTH503FQ,,,,,Deployed
8CN025038K,7CD30A7E85ED,T630,BEXHP0AWYDHGXC,FCMHH0CQWDOCR9,CN41412V15,CN41382JKR,WGSCU0FARDS2AS,,,Onsite,4F PRODUCTION,4NPOD24N,,,,,Naga,PO000530,Bell Image,NAGTH5038K,NAGTH5038K,,,,,Deployed
8CC44530LP,6C:0B:5E:84:BD:F5,Mini 400 G9,BKSZU0CUEK4B6Z,9CT50203MO,CNK74207RS,CNK74903H5,WKFBA0CCXK1N90,8CJ7361FL4 | 8CJ7490HPP,,Onsite,4F PRODUCTION,4NPOD25,,,,,Naga,PO005657,Bell Image,NAGDES30LP,#N/A,,,,,Deployed
8CN02602B9,7CD30A7EC84D,T630,BKSZU0CUEK58BS,FCMHH0CJPECBBT,CNK742012F,CNK7491D43,WGMTU0F1RDR7VY,8CJ7490HZP,,Onsite,4F PRODUCTION,4NPOD25A,,,,,Naga,PO000550,Bell Image,NAGTH602B9,NAGTH602B9,,,,,Deployed
8CN026026D,7CD30A7E88AE,T630,BEXHP0CUEEG0BK,9CT50203YK,CN41412YCH,CN41412XRG,WGSCU0FARDS25Q,,,Onsite,4F PRODUCTION,4NPOD25B,,,,,Naga,PO000550,Bell Image,NAGTH6026D,NAGTH6026D,,,,,Deployed
8CN0250300,7CD30A7E9581,T630,BEXHP0AWYDE0C5,9CP5192TZJ,CNK74208W9,CNK7490BGM,WGSCU0FARDU20Q,8CJ7490HZ8,,Onsite,4F PRODUCTION,4NPOD25C,,,,,Naga,PO000530,Bell Image,NAGTH50300,NAGTH50300,,,,,Deployed
8CN02503VT,7CD30A7EC5C6,T630,BEXHP0AWYDHH51,9CP1521C7F,CN41382JL2,CN41412YB8,WGSCU0FARDU1XR,,,Onsite,4F PRODUCTION,4NPOD25D,,,,,Naga,PO000530,Bell Image,NAGTH503VT,NAGTH503VT,,,,,Deployed
8CN04407R8,64C901DDB69D,T630,9CP142QD9H,FKTFR0AQWK3SNA,CNK74200Q7,CNK74903JN,WGSCU0FARDS2N9,8CJ7490HNN,,Onsite,4F PRODUCTION,4NPOD25E,,,,,Naga,PO000921,Bell Image,NAGTH407R8,NAGTH407R8,,,,,Deployed
8CN02502K3,7CD30A7E0571,T630,BKSZU0D42LYH3P,FCMHH0CJPECBNY,CN41412XBM,CN41412YCM,WGSCU0FARDU1X0,,,Onsite,4F PRODUCTION,4NPOD25F,,,,,Naga,PO000530,Bell Image,NAGTH502K3,NAGTH502K3,,,,,Deployed
8CN02503KV,7CD30A7EB56B,T630,BEXHP0AWYDHH6H,9CP14705TQ,CNK74207M8,CNK7490321,WGSCU0FARDU1PH,8CJ7361FN3,,Onsite,4F PRODUCTION,4NPOD25G,,,,,Naga,PO000530,Bell Image,NAGTH503KV,NAGTH503KV,,,,,Deployed
8CN041046F,64C901DC3483,T630,BKSZU0CUEKR07N,FKTFR0AWYKH1M5,CN41412XB3,CN41412YB0,WGSCU0FARDS20A,,,Onsite,4F PRODUCTION,4NPOD25H,,,,,Naga,PO000841,Bell Image,NAGTH1046F,NAGTH1046F,,,,,Deployed
8CN04408BV,64C901DDC658,T630,BEXHP0AWYDW03T,FKTFR0AWYKH1G9,CNK74208D4,CNK80304FW,WGSCU0FARDU1MW,8CJ7361FKY,,Onsite,4F PRODUCTION,4NPOD25I,,,,,Naga,PO000921,Bell Image,NAGTH408BV,NAGTH408BV,,,,,Deployed
8CN02502LY,7CD30A7E2536,T630,BKSZU0AWYL45UM,9CP5192V8C,CN41412XTC,CN41412TSD,WGSCU0FARDS2GX,,,Onsite,4F PRODUCTION,4NPOD25J,,,,,Naga,PO000530,Bell Image,NAGTH502LY,#N/A,,,,,Deployed
8CN041055S,64C901DC76E9,T630,BEXHP0B9HED034,FCMHH0CJPECBAT,CNK7490BSB,CNK742089L,WGMTU0F1RE43JE,8CJ7370MYN,,Onsite,4F PRODUCTION,4NPOD25K,,,,,Naga,PO000841,Bell Image,NAGTH1055S,NAGTH1055S,,,,,Deployed
8CN02601WJ,7CD30A7EB862,T630,BKSZU0CUEM21YR,9CP4344KB2,CN41412YG2,CN41412T84,WGSCU0FARDS3TU,,,Onsite,4F PRODUCTION,4NPOD25L,,,,,Naga,PO000550,Bell Image,NAGTH601WJ,NAGTH601WJ,,,,,Deployed
8CN02502KX,7CD30A7E255A,T630,9CP142QD7M,9CP3082XG8,CNK74200RW,CNK7420160,WGMTU0F1RE438E,8CJ7361FCZ,,Onsite,4F PRODUCTION,4NPOD25M,,,,,Naga,PO000530,Bell Image,NAGTH502KX,NAGTH502KX,,,,,Deployed
8CN02503F9,7CD30A7EB585,T630,BEXHP0CUEEG0E1,FKTFR0AQWL0MFP,CN41412Y20,CN41412VB5,WGSCU0FARDU1UD,,,Onsite,4F PRODUCTION,4NPOD25N,,,,,Naga,PO000530,Bell Image,NAGTH503F9,NAGTH503F9,,,,,Deployed
8CC44530HG,6C:0B:5E:84:7A:B5,Mini 400 G9,BKSZU0CUEK58F6,FCMHH0CJPECBP1,CNK74208TX,CNK7420KKZ,WKFBA0CCXK1NB7,8CJ7490HQN | 8CJ73704DV,,Onsite,4F PRODUCTION,4NPOD26,,,,,Naga,PO005657,Bell Image,NAGDES30HG,#N/A,,,,,Deployed
8CN025043W,7CD30A7ED546,T630,BEXHP0AWYDE0EB,FCMHH0CQWE5DCF,CNK74208DG,CNK74207RB,WGSCU0FAR952K7,8CJ7370MXC,,Onsite,4F PRODUCTION,4NPOD26A,,,,,Naga,PO000530,Bell Image,NAGTH5043W,NAGTH5043W,,,,,Deployed
8CN041051P,64C901DC04BA,T630,BEXHP0AWYDW02Q,FKTFR0AWYKH3OQ,CN41412XV6,CN41412XS3,WGMTU0F1RE450P,,,Onsite,4F PRODUCTION,4NPOD26B,,,,,Naga,PO000841,Bell Image,NAGTH1051P,NAGTH1051P,,,,,Deployed
8CN041055Y,64C901DC87E1,T630,9CP142QDB8,FCMHH0CQWDOCNI,CNK74208T8,CNK80303ZD,WGSCU0FAR952JU,8CJ7361FM2,,Onsite,4F PRODUCTION,4NPOD26C,,,,,Naga,PO000841,Bell Image,NAGTH1055Y,NAGTH1055Y,,,,,Deployed
8CN04407RS,64C901DDA6EB,T630,9CP226NKCK,9CT50203ZJ,CN41412XB0,CN41412YBR,WGMTU0F1RE43UB,,,Onsite,4F PRODUCTION,4NPOD26D,,,,,Naga,PO000921,Bell Image,NAGTH407RS,NAGTH407RS,,,,,Deployed
8CN02603H6,7CD30A7ED5C1,T630,BEXHP0BTJE613K,FKTFR0AQWLSW9A,CNK7490BR3,CNK74208W4,WGSCU0FAR952R3,8CJ7370N0J,,Onsite,4F PRODUCTION,4NPOD26E,,,,,Naga,PO000550,Bell Image,NAGTH603H6,NAGTH603H6,,,,,Deployed
8CN0410529,64C901DC7368,T630,BKSZU0CUEKR05C,FCMHH0AKZE97KB,CNK74207R1,CNK74200V0,WGMTU0F1RE30LN,8CJ716019S,,Onsite,4F PRODUCTION,4NPOD26F,,,,,Naga,PO000841,Bell Image,NAGTH10529,NAGTH10529,,,,,Deployed
8CN041054X,64C901DC87F6,T630,BEXHP0AWYDHH4V,FKTFR0AWYKH40R,CNK74903F5,CNK742086H,WGSCU0FARDS2BL,8CJ64911RV,,Onsite,4F PRODUCTION,4NPOD26G,,,,,Naga,PO000841,Bell Image,NAGTH1054X,NAGTH1054X,,,,,Deployed
8CN04105BT,64C901DC660F,T630,BEXHP0AWYDV0HD,FKTFR0AQWLSWI5,CN41412Y26,CN41412V9Z,WGSCU0FARDS1E1,,,Onsite,4F PRODUCTION,4NPOD26H,,,,,Naga,PO000841,Bell Image,NAGTH105BT,NAGTH105BT,,,,,Deployed
8CN02502JX,7CD30A7E0578,T630,BKSZU0CUEM24AS,FCMHH0CVADQM0K,CNK7490B9Q,CNK74200Z1,WGMTU0G1RE940S,8CJ7370N03,,Onsite,4F PRODUCTION,4NPOD26I,,,,,Naga,PO000530,Bell Image,NAGTH502JX,NAGTH502JX,,,,,Deployed
8CN04105MZ,64C901DC7624,T630,BEXHP0AWYDW06P,9CT50201L8,CN41412YB5,CN41412YCS,WGSCU0FARDS2C6,,,Onsite,4F PRODUCTION,4NPOD26J,,,,,Naga,PO000841,Bell Image,NAGTH105MZ,NAGTH105MZ,,,,,Deployed
8CN02503N3,7CD30A7E957B,T630,BKSZU0CUEKR0EJ,9CP3082WNV,CNK74903SW,CNK742002T,WGMTU0F1RE44TB,8CJ7361FL2,,Onsite,4F PRODUCTION,4NPOD26K,,,,,Naga,PO000530,Bell Image,NAGTH503N3,NAGTH503N3,,,,,Deployed
8CN02503X0,7CD30A7EB5E0,T630,BEXHP0BTJE908G,9CP147061B,CN41382JH0,CN41412Y23,WGSCU0FARDS3YN,,,Onsite,4F PRODUCTION,4NPOD26L,,,,,Naga,PO000530,Bell Image,NAGTH503X0,NAGTH503X0,,,,,Deployed
8CC44530F1,48:EA:62:29:A2:CB,Mini 400 G9,BKSZU0AWYL45TA,FKTFR0AQWLHDG2,CNK7420175,CNK74200VR,WKFBA0CDDK13C0,8CJ7370MC1 | 8CJ7490HC7,,Onsite,4F PRODUCTION,4NPOD27,,,,,Naga,PO005657,Bell Image,NAGDES30F1,#N/A,,,,,Deployed
8CN025033S,7CD30A7E9565,T630,9CT43603P5,FCMHH0CQWDOCPE,CNK74207YC,CNK742016T,WGSCU0FARDU1PB,8CJ7490HQF,,Onsite,4F PRODUCTION,4NPOD27A,,,,,Naga,PO000530,Bell Image,NAGTH5033S,NAGTH5033S,,,,,Deployed
8CN02502MZ,7CD30A7E452E,T630,BEXHP0AWYDHGZU,FCMHH0CQWE5D9Z,CN41382JKW,CN41412XG9,WGMTU0F1RE30MK,,,Onsite,4F PRODUCTION,4NPOD27B,,,,,Naga,PO000530,Bell Image,NAGTH502MZ,NAGTH502MZ,,,,,Deployed
8CN02503CJ,7CD30A7E4572,T630,9CP226NKQZ,FCMHH0CVADQM0O,CNK74200CL,CNK7420KL0,WGSCU0FARDS2AI,8CJ7490HNS,,Onsite,4F PRODUCTION,4NPOD27C,,,,,Naga,PO000530,Bell Image,NAGTH503CJ,NAGTH503CJ,,,,,Deployed
8CN02601W1,7CD30A7EA85F,T630,BEXHP0BTJE6166,FCMHH0CJPEC8LI,CN41412Y21,CN41382JGM,WGMTU0F1RE34ZX,,,Onsite,4F PRODUCTION,4NPOD27D,,,,,Naga,PO000550,Bell Image,NAGTH601W1,NAGTH601W1,,,,,Deployed
8CN02503KX,7CD30A7EB56E,T630,BEXHP0AWYDE0EF,FCMHH0CQWDOCHY,CNK74207ZF,CNK74208JQ,WGSCU0FARDS1EA,8CJ7490HPN,,Onsite,4F PRODUCTION,4NPOD27E,,,,,Naga,PO000530,Bell Image,NAGTH503KX,NAGTH503KX,,,,,Deployed
8CN02503L4,7CD30A7EB554,T630,BEXHP0CUEEG01L,FCMHH0CVADQM5V,CN41412YB1,CN41412YC2,WGMTU0G1RE980R,,,Onsite,4F PRODUCTION,4NPOD27F,,,,,Naga,PO000530,Bell Image,NAGTH503L4,NAGTH503L4,,,,,Deployed
8CN04407VX,64C901DDA64D,T630,BEXHP0BTJDU0ZN,FKTFR0AWYKH3MU,CNK74207RW,CNK74200MN,WGMTU0F1RDR7Y9,8CJ7490HPD,,Onsite,4F PRODUCTION,4NPOD27G,,,,,Naga,PO000921,Bell Image,NAGTH407VX,NAGTH407VX,,,,,Deployed
8CN02503ML,7CD30A7E95B9,T630,9CP142QD7H,FCMHH0CQWE5DLG,CN41382JGB,CN41412YD2,WGMTU0F1RDR6AR,,,Onsite,4F PRODUCTION,4NPOD27H,,,,,Naga,PO000530,Bell Image,NAGTH503ML,NAGTH503ML,,,,,Deployed
8CN04105NV,64C901DCF392,T630,BEXHP0AWYDHGWC,FCMHH0CQWDOCS6,CNK7420135,CNK74200C1,WGMTU0F1RE44T5,8CJ7490HPZ,,Onsite,4F PRODUCTION,4NPOD27I,,,,,Naga,PO000841,Bell Image,NAGTH105NV,NAGTH105NV,,,,,Deployed
8CN02503CC,7CD30A7E457E,T630,9CP149N8H8,FCMHH0AHDEAORI,CN41412YB7,CN41382JLJ,WGMTU0F1RE450C,,,Onsite,4F PRODUCTION,4NPOD27J,,,,,Naga,PO000530,Bell Image,NAGTH503CC,NAGTH503CC,,,,,Deployed
8CN02503HW,7CD30A7EB5A2,T630,BKSZU0CUEKR0DV,FCMHH0CQWFB66X,CNK74200V7,CNK742089T,WGMTU0F1RE44TD,8CJ7490HQL,,Onsite,4F PRODUCTION,4NPOD27K,,,,,Naga,PO000530,Bell Image,NAGTH503HW,NAGTH503HW,,,,,Deployed
8CN025044L,7CD30A7ED536,T630,9CT43603M2,FCMHH0CQWE5BH0,CN41412T7D,CN41412XB8,WGMTU0F1RE30QY,,,Onsite,4F PRODUCTION,4NPOD27L,,,,,Naga,PO000530,Bell Image,NAGTH5044L,NAGTH5044L,,,,,Deployed
8CN02601VV,7CD30A7EA862,T630,BEXHP0BTJDU0T0,FKTFR0AWYKH26K,CNK742007H,CNK7420148,WGMTU0F1RE44Y2,8CJ7490HQM,,Onsite,4F PRODUCTION,4NPOD27M,,,,,Naga,PO000550,Bell Image,NAGTH601VV,NAGTH601VV,,,,,Deployed
8CN026024W,7CD30A7EB86F,T630,BEXHP0BTJDU0RX,FCMHH0CQWFVCQ7,CN41382J8M,CN41412YBY,WGSCU0FARDU1P9,,,Onsite,4F PRODUCTION,4NPOD27N,,,,,Naga,PO000550,Bell Image,NAGTH6024W,#N/A,,,,,Deployed
8CC44530JF,48:EA:62:29:A1:8A,Mini 400 G9,BKSZU0CUEKR0EO,FKTFR0AQWK3SCR,CNK74208GQ,CNK74200MS,WKFBA0CCXK1N0A,8CJ7490HPJ | 8CJ7490J0C,,Onsite,4F PRODUCTION,4NPOD28,,,,,Naga,PO005657,Bell Image,NAGDES30JF,#N/A,,,,,Deployed
8CN04105CZ,64C901DC76E3,T630,BEXHP0BTJDU0M9,FCMHH0AKZD0SIV,CNK742000L,CNK74208CV,WGSCU0FARDU1TU,8CJ7490HP1,,Onsite,4F PRODUCTION,4NPOD28A,,,,,Naga,PO000841,Bell Image,NAGTH105CZ,NAGTH105CZ,,,,,Deployed
8CN025034N,7CD30A7E2556,T630,BEXHP0BTJDU11T,No SN,CN41412XBG,CN41412XBF,WGSCU0FARDS2S9,,,Onsite,4F PRODUCTION,4NPOD28B,,,,,Naga,PO000530,Bell Image,NAGTH5034N,NAGTH5034N,,,,,Deployed
8CN04105C6,64C901DC76B5,T630,BEXHP0AWYDHGWP,9CT50203HK,CNK74208R7,CNK74200PL,WGMTU0F1RE450U,8CJ7490HNT,,Onsite,4F PRODUCTION,4NPOD28C,,,,,Naga,PO000841,Bell Image,NAGTH105C6,NAGTH105C6,,,,,Deployed
8CN12702DG,#N/A,,BEXHP0B9HED02T,9CT50204NC,CN41382JLP,CN41412Y9Y,WGSCU0FARDU1UO,,,Onsite,4F PRODUCTION,4NPOD28D,,,,,Naga,,Bell Image,NAGTH702DG,NAGTH702DG,,,,,Deployed
8CN02503JV,7CD30A7EA548,T630,BKSZU0CUEK50VZ,FKTFR0AQWLSV7B,CNK7420863,CNK7420007,WGSCU0FARDS1Z1,8CJ7490HNX,,Onsite,4F PRODUCTION,4NPOD28E,,,,,Naga,PO000530,Bell Image,NAGTH503JV,NAGTH503JV,,,,,Deployed
8CN025038Z,7CD30A7E85EF,T630,BEXHP0AWYDW0DH,FCMHH0A67DOBQG,CN41412YBW,CN41412XSR,WGSCU0FARDS2FB,,,Onsite,4F PRODUCTION,4NPOD28F,,,,,Naga,PO000530,Bell Image,NAGTH5038Z,NAGTH5038Z,,,,,Deployed
8CN0250451,7CD30A7ED512,T630,BEXHP0BTJE612Q,9CT50203OT,CNK7420036,CNK749032V,WGSCU0FARDS4G8,8CJ7490HPC,,Onsite,4F PRODUCTION,4NPOD28G,,,,,Naga,PO000530,Bell Image,NAGTH50451,NAGTH50451,,,,,Deployed
8CN02503WH,7CD30A7EC5A4,T630,BEXHP0AWYDW06H,9CP4344LD5,CN41412Y9W,CN41412X9W,WGSCU0FAR9938Z,,,Onsite,4F PRODUCTION,4NPOD28H,,,,,Naga,PO000530,Bell Image,NAGTH503WH,NAGTH503WH,,,,,Deployed
8CN04105DJ,64C901DC76AF,T630,BEXHP0BTJDU0LL,9CP4301N5Q,CNK74207QY,CNK742008L,WGSCU0FARDS26I,8CJ7490HNK,,Onsite,4F PRODUCTION,4NPOD28I,,,,,Naga,PO000841,Bell Image,NAGTH105DJ,NAGTH105DJ,,,,,Deployed
8CN041055Z,64C901DC87DE,T630,BEXHP0BTJDHM8L,FCMHH0CVADQLH5,CN41412XV8,CN41382JLK,WGMTU0F1RE43PH,,,Onsite,4F PRODUCTION,4NPOD28J,,,,,Naga,PO000841,Bell Image,NAGTH1055Z,NAGTH1055Z,,,,,Deployed
8CN026026S,7CD30A7E988B,T630,9CP142QDD6,FCMHH0CQWDOCFC,CNK74200MM,CNK74207VX,WGSCU0FARDS2AY,8CJ7490HPS,,Onsite,4F PRODUCTION,4NPOD28K,,,,,Naga,PO000550,Bell Image,NAGTH6026S,NAGTH6026S,,,,,Deployed
8CN02503XV,7CD30A7EC57E,T630,BEXHP0AWYDU00F,FCMHH0CQWE5DLW,CN41382JGJ,CN41412WQ4,WGMTU0F1RE43KS,,,Onsite,4F PRODUCTION,4NPOD28L,,,,,Naga,PO000530,Bell Image,NAGTH503XV,NAGTH503XV,,,,,Deployed
8CN04105F0,64C901DC768A,T630,BEXHP0AWYDW00E,9CP3082WZG,CNK74200N8,CNK74207R7,WGSCU0FARDS4FK,8CJ7490HP6,,Onsite,4F PRODUCTION,4NPOD28M,,,,,Naga,PO000841,Bell Image,NAGTH105F0,NAGTH105F0,,,,,Deployed
8CN025044G,7CD30A7ED534,T630,BEXHP0BTJDU0QM,FKTFR0AWYKH3PB,CN41412X8L,CN41382JL1,WGMTU0F1RE43PM,,,Onsite,4F PRODUCTION,4NPOD28N,,,,,Naga,PO000530,Bell Image,NAGTH5044G,NAGTH5044G,,,,,Deployed
8CC44530SK,48:EA:62:29:A1:D0,Mini 400 G9,BKSZU0AWYL462N,FKTFR0AQWLSVLQ,3CM4112BHG,3CM3461JLD,WKFBA0CDDK13C8,,,Onsite,4F PRODUCTION,4NPOD29,,,,,Naga,PO005657,Bell Image,NAGDES30SK,#N/A,,,,,Deployed
8CN0470K7S,64C901DE1089,T640,9CP142QDBB,9CP3082X00,CNK7490BT3,CNK7491D3X,WHGRE0DNJILW2Q,,,Onsite,4F PRODUCTION,4NPOD29A,,,,,Naga,PO001022,Bell Image,NAGTH70K7S,NAGTH70K7S,,,,,Deployed
8CN0470K37,64C901DE22C0,T640,BKSZU0CUEK50UE,9CP14705TD,CNK742000W,CNK7420150,WFTKU0EZKBNQNF,8CJ7490J4K,,Onsite,4F PRODUCTION,4NPOD29B,,,,,Naga,PO001022,Bell Image,NAGTH70K37,NAGTH70K37,,,,,Deployed
8CN0470K2P,64C901DE6035,T640,BEXHP0AWYFV05T,9CT502021V,CNK742008K,CNK742015H,WHHRE0A3UEEHGK,,,Onsite,4F PRODUCTION,4NPOD29C,,,,,Naga,PO001022,Bell Image,NAGTH70K2P,NAGTH70K2P,,,,,Deployed
8CN0470JY3,64C901DE1284,T640,BEXHP0AWYDHGRD,FCMHH0CQWDOCQB,CNK742000R,CNK74200Q6,WHHRE0A1RCSLZ1,8CJ7490HBV,,Onsite,4F PRODUCTION,4NPOD29D,,,,,Naga,PO001022,Bell Image,NAGTH70JY3,NAGTH70JY3,,,,,Deployed
8CN1460RFF,843A5B1378B6,T640,BEXHP0BTJDU0SG,FCMHH0CQWDOCGN,CNK80304D5,CNK74208H8,WFTKU0E3GBP2W7,,,Onsite,4F PRODUCTION,4NPOD29E,,,,,Naga,PO001761,Bell Image,NAGTH60RFF,NAGTH60RFF,,,,,Deployed
8CN13300SM,6C02E0DF1DE8,T640,BEXHP0AWYDE08U,FCMHH0CQWDOCS9,CNK74200XM,CNK742015B,WFTKU0EDW95SHD,8CJ7490H9B,,Onsite,4F PRODUCTION,4NPOD29F,,,,,Naga,PO001632,Bell Image,NAGTH300SM,NAGTH300SM,,,,,Deployed
8CN0470K04,64C901DEF19A,T640,BKSZU0CUEK58AX,FCMHH0QWDOCGB,CNK7420869,CNK7490BVH,WHGRE0DZKIPV1T,,,Onsite,4F PRODUCTION,4NPOD29G,,,,,Naga,PO001022,Bell Image,NAGTH70K04,NAGTH70K04,,,,,Deployed
8CN1460RF7,843A5B1378B2,T640,BEXHP0AWYDE0C2,9CP4103M91,CNK74200XG,CNK7420189,WHGRE0DNJILVZJ,8CJ7490H9Q,,Onsite,4F PRODUCTION,4NPOD29H,,,,,Naga,PO001761,Bell Image,NAGTH60RF7,NAGTH60RF7,,,,,Deployed
8CN0470K30,64C901DE604D,T640,BEXHP0AWYDE087,9CP3082X0P,CN41412Y1L,CN41382JLB,WHGRE0CDHFVQIC,,,Onsite,4F PRODUCTION,4NPOD29I,,,,,Naga,PO001022,Bell Image,NAGTH70K30,NAGTH70K30,,,,,Deployed
8CN0470JXW,64C901DE129B,T640,BEXHP0AWYDHGYY,No SN,CNK74200NW,CNK74208JP,WHGRE0DNJILVXN,8CJ7490H92,,Onsite,4F PRODUCTION,4NPOD29J,,,,,Naga,PO001022,Bell Image,NAGTH70JXW,NAGTH70JXW,,,,,Deployed
8CN13300SX,6C02E0DF1DDD,T640,BEXHP0AWYDV0CJ,FCMHH0CQWD0CPB,CN41412XBC,CN41412YBH,WHHRE0A3UFPX4K,,,Onsite,4F PRODUCTION,4NPOD29K,,,,,Naga,PO001632,Bell Image,NAGTH300SX,NAGTH300SX,,,,,Deployed
8CN048002V,64C901DEF14D,T640,BEXHP0AWYDUO1Z,FCMHH0CVADQLDG,CNK7420804,CNK74200YB,WHGRE0DNJILW0B,8CJ7490HBB,,Onsite,4F PRODUCTION,4NPOD29L,,,,,Naga,PO001022,Bell Image,NAGTH8002V,NAGTH8002V,,,,,Deployed
8CN0470K20,64C901DEF16E,T640,BEXHP0AWYDE08P,FCMHH0CQWDOCFE,CN41382JL9,CN41382JGD,WHGRE0CGCFTTV6,,,Onsite,4F PRODUCTION,4NPOD29M,,,,,Naga,PO001022,Bell Image,NAGTH70K20,NAGTH70K20,,,,,Deployed
8CN1320FP8,6C02E0DFECEA,T640,BEXHP0AWYDHGR0,FCMHH0CQWE5DAC,CNK742000S,CNK7420011,WHGRE0CRLFV08E,8CJ7490J4W,,Onsite,4F PRODUCTION,4NPOD29N,,,,,Naga,PO001632,Bell Image,NAGTH20FP8,NAGTH20FP8,,,,,Deployed
8CC44530TP,48:EA:62:29:A2:64,Mini 400 G9,BKSZU0CUEK50VT,9CT50204I7,CNK742001G,CNK7420181,WKFBA0CDDK138S,8CJ7490HCG | 8CJ7370NGV,,Onsite,4F PRODUCTION,4NPOD30,,,,,Naga,PO005657,Bell Image,NAGDES30TP,#N/A,,,,,Deployed
8CC6140R7W,B8:87:88:1B:51:F9,Mini 400 G9,BKSZU0CUEKR160,FCMHH0CVADQM6I,CNK74200RV,CNK7490323,WHQRV0JGCM18W9,,,Onsite,4F PRODUCTION,4NPOD30A,,,,,Naga,PO007001,Bell Image,NAGDES0R7W,#N/A,,,,,Deployed
8CC5122MVC,24:FB:E3:C4:3F:0F,Mini 400 G9,BEXHP0AWYE90BK,FCMHH0A67DOBQ4,CNK742014X,CNK74200WY,WKFBA0CARKP3Y4,8CJ7490HSV,,Onsite,4F PRODUCTION,4NPOD30B,,,,,Naga,PO006020,Bell Image,NAGDES2MVC,#N/A,,,,,Deployed
8CN0470K3N,64C901DE500C,T640,9CP14N8CB,9CP3082WC2,CNK80303SB,CNK7490BBX,WHGRE0CEAFWG3D,,,Onsite,4F PRODUCTION,4NPOD30C,,,,,Naga,PO001022,Bell Image,NAGTH70K3N,NAGTH70K3N,,,,,Deployed
8CN0470FNB,64C901DD3C37,T640,BEXHP0AWYDE086,9CP5192V8R,CNK74200K1,CNK74208WP,WHGRE0CRLFV0QA,8CJ7490HT3,,Onsite,4F PRODUCTION,4NPOD30D,,,,,Naga,PO001022,Bell Image,NAGTH70FNB,NAGTH70FNB,,,,,Deployed
8CC5122M2L,24:FB:E3:C4:43:4A,Mini 400 G9,BKSZU0CUEKR0CX,FCMHH0CQWDOCMD,CN41412V9R,CN41412YGL,WHQRV0IGCKZQX3,,,Onsite,4F PRODUCTION,4NPOD30E,,,,,Naga,PO006020,Bell Image,NAGDES2M2L,#N/A,,,,,Deployed
8CC44530HC,6C:0B:5E:84:7A:AD,Mini 400 G9,BEXHP0BTJDU0GI,FCMHH0CVADQJ5R,CNK74200JV,CNK74200PX,WHQRV0IGCKZQX8,8CJ7490HSG,,Onsite,4F PRODUCTION,4NPOD30F,,,,,Naga,PO005657,Bell Image,NAGDES30HC,#N/A,,,,,Deployed
8CC5122LWN,24:FB:E3:C4:36:83,Mini 400 G9,BEXHP0AWYAV36R,No SN,CN41412YHC,CN41412T7F,WKFBA0CARKP79K,,,Onsite,4F PRODUCTION,4NPOD30G,,,,,Naga,PO006020,Bell Image,NAGDES2LWN,#N/A,,,,,Deployed
8CN0470JWW,64C901DE12AA,T640,BKSZU0CUEK50OL,FCMHH0CQWDOCP8,CNK74208H0,CNK7420075,WHGRE0DNJILVZT,8CJ7490H91,,Onsite,4F PRODUCTION,4NPOD30H,,,,,Naga,PO001022,Bell Image,NAGTH70JWW,NAGTH70JWW,,,,,Deployed
8CN048003J,64C901DEF149,T640,BEXHP0AWYDW0BA,FCMHH0CQWE5D4W,CNK74200K4,CNK742088V,WHGRE0CRLFV19J,,,Onsite,4F PRODUCTION,4NPOD30I,,,,,Naga,PO001022,Bell Image,NAGTH8003J,NAGTH8003J,,,,,Deployed
8CN0470K8T,64C901DEE103,T640,BKSZU0CUEK50VK,9CP3082X0J,CNK74200D0,CNK742013L,WHGRE0C3GFWKAR,8CJ7490H9Z,,Onsite,4F PRODUCTION,4NPOD30J,,,,,Naga,PO001022,Bell Image,NAGTH70K8T,NAGTH70K8T,,,,,Deployed
8CN1460RG9,843A5B13B7CB,T640,BEXHP0AWYE9099,9CT502022W,CNK7490BSS,CNK74200X2,WHHRE0A3UEEGZH,,,Onsite,4F PRODUCTION,4NPOD30K,,,,,Naga,PO001761,Bell Image,NAGTH60RG9,NAGTH60RG9,,,,,Deployed
8CN0470JXR,64C901DE1294,T640,BEXHP0AWYDW058,No SN,CNK74200YT,CNK74208X1,WFTKU0E3GBP9LH,8CJ7490HCT,,Onsite,4F PRODUCTION,4NPOD30L,,,,,Naga,PO001022,Bell Image,NAGTH70JXR,NAGTH70JXR,,,,,Deployed
8CN0470K8H,64C901DE120D,T640,9CP246NTYW,9CP3082WZD,CNK7420868,CNK74200Q9,WHGRE0DNJILVZL,,,Onsite,4F PRODUCTION,4NPOD30M,,,,,Naga,PO001022,Bell Image,NAGTH70K8H,NAGTH70K8H,,,,,Deployed
8CN1460RJT,843A5B13E765,T640,BEXHP0AWYDHGT6,9CT50204MI,CNK7420149,CNK74208DH,WFTKU0EGCD2S6W,8CJ7490HS3,,Onsite,4F PRODUCTION,4NPOD30N,,,,,Naga,PO001761,Bell Image,NAGTH60RJT,NAGTH60RJT,,,,,Deployed
8CC44530GH,48:EA:62:29:A2:A6,Mini 400 G9,BKSZU0D42LILXW,FCMHH0A67DOC9Y,CNK74200N6,CNK74200N0,WKFBA0CDDK13EQ,8CJ7490HQB | 8CJ737038H,,Onsite,4F PRODUCTION,4NPOD31,,,,,Naga,PO005657,Bell Image,NAGDES30GH,#N/A,,,,,Deployed
8CC6140R8K,B8:87:88:1B:51:E4,Mini 400 G9,BEXHP0AWYDE05D,FCHMM0A67D0B9F,CNK74200Q8,CNK74200MJ,WHQRV0JGCM18NL,8CJ7490HSS,,Onsite,4F PRODUCTION,4NPOD31A,,,,,Naga,PO007001,Bell Image,NAGDES0R8K,#N/A,,,,,Deployed
8CC6140RPB,B8:87:88:1B:51:35,Mini 400 G9,9CP226NKRM,9CP3082WQ9,CN41412V1T,CN41412YGD,WHQRV0JGCM18MJ,,,Onsite,4F PRODUCTION,4NPOD31B,,,,,Naga,PO007001,Bell Image,NAGDES0RPB,#N/A,,,,,Deployed
8CC6140RBH,B8:87:88:1B:54:9E,Mini 400 G9,BEXHP0AWYDHH1E,9CT50203R0,CNK74200ND,CNK74208WY,WHQRV0JGCM128G,8CJ7490HRP,,Onsite,4F PRODUCTION,4NPOD31C,,,,,Naga,PO007001,Bell Image,NAGDES0RBH,#N/A,,,,,Deployed
8CC5122M33,24:FB:E3:C4:43:36,Mini 400 G9,BEXHP0AWYEG1I8,9CP3082WNX,CNK7420873,CNK749033C,WHQRV0JGCM6DIY,,,Onsite,4F PRODUCTION,4NPOD31D,,,,,Naga,PO006020,Bell Image,NAGDES2M33,#N/A,,,,,Deployed
8CC5122LZG,24:FB:E3:C5:78:C8,Mini 400 G9,BKSZU0D42LYGVH,9CP147061Q,CNK74208X0,CNK742014J,WHQRV0JGCM121B,8CJ7490HSR,,Onsite,4F PRODUCTION,4NPOD31E,,,,,Naga,PO006020,Bell Image,NAGDES2LZG,#N/A,,,,,Deployed
8CC6140PJ5,B8:87:88:1B:55:A1,Mini 400 G9,BEXHP0AWYDHGVY,FCMHH0AKZDQSJX,CN41412V90,CN41412Y6K,WHQRV0JGCM6BWR,,,Onsite,4F PRODUCTION,4NPOD31F,,,,,Naga,PO007001,Bell Image,NAGDES0PJ5,#N/A,,,,,Deployed
8CC6140RK1,B8:87:88:1B:51:10,Mini 400 G9,BEXHP0AWYDHGRN,FCMHH0CQWDOCLP,CN41412XTJ,CN41412V4F,WKFBA0CDDKP0FL,8CJ7490HRK,,Onsite,4F PRODUCTION,4NPOD31G,,,,,Naga,PO007001,Bell Image,NAGDES0RK1,#N/A,,,,,Deployed
8CC6140R0H,B8:87:88:1B:4D:B0,Mini 400 G9,BKSZU0CUEKR04V,9CP3082WZ5,CN41412VDN,CN41412WP6,WHQRV0JGCM18P0,,,Onsite,4F PRODUCTION,4NPOD31H,,,,,Naga,PO007001,Bell Image,NAGDES0R0H,#N/A,,,,,Deployed
8CC5431CSY,,Mini 400 G9,9CP142QD73,9CP2261JG9,CN41412V2L,CN41412VBP,WHQRV0JGCM64UU,8CJ7490HRF,,Onsite,4F PRODUCTION,4NPOD31I,,,,,Naga,PO006535,Bell Image,NAGDES1CSY,#N/A,,,,,Deployed
8CC6140QJR,B8:87:88:1B:52:4D,Mini 400 G9,BKSZU0CUEK50UB,9CP5192V8S,CN41412V35,CN41412Y1R,WKFBA0CARKP79X,,,Onsite,4F PRODUCTION,4NPOD31J,,,,,Naga,PO007001,Bell Image,NAGDES0QJR,#N/A,,,,,Deployed
8CC44530KB,48:EA:62:29:A3:C3,Mini 400 G9,BKSZU0CUEKR0EE,FKTFR0AQWL0M2F,3CM4112FSK,1H35170CYF,WKFBA0CDDK13FC,,,Onsite,4F PRODUCTION,4NPOD32,,,,,Naga,PO005657,Bell Image,NAGDES30KB,#N/A,,,,,Deployed
8CC6140Q27,B8:87:88:1B:57:36,Mini 400 G9,BEXHP0AWYDHH6X,no serial,CNK80303VK,CNK74207RQ,WHQRV0JGCM18W8,,,Onsite,4F PRODUCTION,4NPOD32A,,,,,Naga,PO007001,Bell Image,NAGDES0Q27,#N/A,,,,,Deployed
8CC6140PJL,B8:87:88:1B:56:4F,Mini 400 G9,BEXHP0BTJE80L0,9CT5020264,CNK742008P,CNK7420140,WHQRV0JGCM6DJE,8CJ7490HS7,,Onsite,4F PRODUCTION,4NPOD32B,,,,,Naga,PO007001,Bell Image,NAGDES0PJL,#N/A,,,,,Deployed
8CC6140QZT,B8:87:88:1B:52:92,Mini 400 G9,BEXHP0AWYDR8V0,9CP4301N57,CNK7420876,CNK74208D9,WHQRV0JGCM6CBG,,,Onsite,4F PRODUCTION,4NPOD32C,,,,,Naga,PO007001,Bell Image,NAGDES0QZT,#N/A,,,,,Deployed
8CC6140Q1S,B8:87:88:1B:57:91,Mini 400 G9,9CP246NTTF,9CP4103M1F,CNK74200XV,CNK742000Y,WHQRV0JGCM6DPD,8CJ7490HV7,,Onsite,4F PRODUCTION,4NPOD32D,,,,,Naga,PO007001,Bell Image,NAGDES0Q1S,#N/A,,,,,Deployed
8CC6140QMR,B8:87:88:18:9C:2A,Mini 400 G9,9CP246NTY5,FCMHHH0A67D0C99,CNK74902W1,CNK74207XT,WHQRV0JGCM12CM,,,Onsite,4F PRODUCTION,4NPOD32E,,,,,Naga,PO007001,Bell Image,NAGDES0QMR,#N/A,,,,,Deployed
8CC6140RL6,B8:87:88:1B:50:E4,Mini 400 G9,BEXHP0CUEDU0AK,FCMHH0CQWDOCT3,CNK74200C8,CNK742001B,WHQRV0JGCM6BWS,8CJ7490HSH,,Onsite,4F PRODUCTION,4NPOD32F,,,,,Naga,PO007001,Bell Image,NAGDES0RL6,#N/A,,,,,Deployed
8CC6140QRV,B8:87:88:1B:50:7A,Mini 400 G9,9CP246NV1L,No SN,CNK74208S0,CNK8030482,WHQRV0JGCM18P5,,,Onsite,4F PRODUCTION,4NPOD32G,,,,,Naga,PO007001,Bell Image,NAGDES0QRV,#N/A,,,,,Deployed
8CC6140Q09,B8:87:88:1B:56:96,Mini 400 G9,BEXHP0AWYDW02W,FCMHH0CVADQL2K,CN41412YGP,CN41412XTL,WHQRV0JGCM6DJ6,8CJ7490HTW,,Onsite,4F PRODUCTION,4NPOD32H,,,,,Naga,PO007001,Bell Image,NAGDES0Q09,#N/A,,,,,Deployed
8CC6140PM0,B8:87:88:1B:55:52,Mini 400 G9,BEXHP0AWYDHGS7,FCMHH0A67D0B7R,CN41412YCL,CN41412V9D,WHQRV0JGCM6CJ3,1,,Onsite,4F PRODUCTION,4NPOD32I,,,,,Naga,PO007001,Bell Image,NAGDES0PM0,#N/A,,,,,Deployed
8CC5431CT1,,Mini 400 G9,BKSZU0CUEK50OM,FKTFR0AQWK3S6X,CN41412XS2,CN41412XRH,WHQRV0JGCM6BUF,8CJ7490HST,,Onsite,4F PRODUCTION,4NPOD32J,,,,,Naga,PO006535,Bell Image,NAGDES1CT1,#N/A,,,,,Deployed
8CC5122M4C,24:FB:E3:C4:36:0D,Mini 400 G9,BEXHP0CUEDU0LP,FCMHH0CVADQL5Z,CN41412XPF,CN41412V20,WHQRV0JGCM6CB2,,,Onsite,4F PRODUCTION,4NPOD32K,,,,,Naga,PO006020,Bell Image,NAGDES2M4C,#N/A,,,,,Deployed
8CC5122N3V,24:FB:E3:C5:76:DE,Mini 400 G9,BEXHP0BTJDU0SK,FCMHH0CQWDOCFJ,CN41412V4W,CN41412T7V,WHQRV0JGCM11SO,8CJ7490HTT,,Onsite,4F PRODUCTION,4NPOD32L,,,,,Naga,PO006020,Bell Image,NAGDES2N3V,#N/A,,,,,Deployed
8CC6140R17,B8:87:88:1B:4D:E7,Mini 400 G9,BEXHP0AWYEG1IC,FCMHH0A67D0C8L,CN41412YFY,CN41412Y2B,WHQRV0JGCM19AE,,,Onsite,4F PRODUCTION,4NPOD32M,,,,,Naga,PO007001,Bell Image,NAGDES0R17,#N/A,,,,,Deployed
8CC5122N53,24:FB:E3:C5:77:09,Mini 400 G9,BEXHP0AWYEG1ED,FCMHH0CVADQL4K,CN41412VC5,CN41412XT3,WHQRV0JGCM18XB,8CJ7490HV0,,Onsite,4F PRODUCTION,4NPOD32N,,,,,Naga,PO006020,Bell Image,NAGDES2N53,#N/A,,,,,Deployed
8CC44530KM,48:EA:62:29:A3:D6,Mini 400 G9,9CP246NTXX,no serial,CNK742017Y,CNK74208WW,WKFBA0CCXK1N0E,8CJ7490HBC | 8CJ7490HP2,,Onsite,4F PRODUCTION,4NPOD33,,,,,Naga,PO005657,Bell Image,NAGDES30KM,#N/A,,,,,Deployed
8CC5250YWD,F8:ED:FC:DE:F0:BF,Mini 400 G9,BEXHP0AWYDW087,FCMHH0CVADQL21,CN41412YGG,CNK742017F,WKFBA0CDDLH8U6,,,Onsite,4F PRODUCTION,4NPOD33A,,,,,Naga,PO006171,Bell Image,NAGDES0YWD,#N/A,,,,,Deployed
8CC6140R9H,B8:87:88:1B:54:C2,Mini 400 G9,BKSZU0CUEK45SN,FCMHH0CVADQL4C,CN41412VB6,CNK74200QD,WHQRV0IGCKZQUY,8CJ7490HT6,,Onsite,4F PRODUCTION,4NPOD33B,,,,,Naga,PO007001,Bell Image,NAGDES0R9H,#N/A,,,,,Deployed
8CC5431CT7,,Mini 400 G9,BEXHP0AWYDW0AQ,FKTFR0AWYKH3MT,CN41412T5Z,CNK74208K4,WHQRV0JGCLFSFV,,,Onsite,4F PRODUCTION,4NPOD33C,,,,,Naga,PO006535,Bell Image,NAGDES1CT7,#N/A,,,,,Deployed
8CC6140PYM,B8:87:88:1B:56:29,Mini 400 G9,9CP246NV45,FKTFR0AWYKH3IY,CN41382JL8,CNK742012M,WHQRV0IGCKZR27,8CJ7490HTV,,Onsite,4F PRODUCTION,4NPOD33D,,,,,Naga,PO007001,Bell Image,NAGDES0PYM,#N/A,,,,,Deployed
8CC6140QB1,B8:87:88:1B:50:1B,Mini 400 G9,BEXHP0BTJDU0QK,FCMHH0CQWA682A,CN41412V9B,CNK74200CP,WHQRV0JGCM6C9C,,,Onsite,4F PRODUCTION,4NPOD33E,,,,,Naga,PO007001,Bell Image,NAGDES0QB1,#N/A,,,,,Deployed
8CC6140PPB,B8:87:88:1B:52:AE,Mini 400 G9,BKSZU0CUEK50QH,FCMHH0CQWDOCGO,CN41412V2S,CNK74200ZS,WKFBA0CDDLH8UU,8CJ7490HT2,,Onsite,4F PRODUCTION,4NPOD33F,,,,,Naga,PO007001,Bell Image,NAGDES0PPB,#N/A,,,,,Deployed
8CC6140R9R,B8:87:88:1B:54:BC,Mini 400 G9,BEXHP0AWYDW0AM,9CP3082WD5,CN41412V95,CNK7420016,WKFBA0CARKP7A8,,,Onsite,4F PRODUCTION,4NPOD33G,,,,,Naga,PO007001,Bell Image,NAGDES0R9R,#N/A,,,,,Deployed
8CC6140QLV,B8:87:88:18:9C:05,Mini 400 G9,BEXHP0AWYDHGQQ,9CP2261JG3,CN41412XV0,CNK742015J,WKFBA0CDDLH8V1,8CJ7490HTY,,Onsite,4F PRODUCTION,4NPOD33H,,,,,Naga,PO007001,Bell Image,NAGDES0QLV,#N/A,,,,,Deployed
8CC6140Q14,B8:87:88:1B:54:B7,Mini 400 G9,9CP226NKMC,FCMHH0A67D0CAJ,CN41412V26,CNK74200V5,WHQRV0IGCKZIJU,,,Onsite,4F PRODUCTION,4NPOD33I,,,,,Naga,PO007001,Bell Image,NAGDES0Q14,#N/A,,,,,Deployed
8CC6140PQH,B8:87:88:18:9D:75,Mini 400 G9,BKSZU0CUEKR1VS,FCMHH0CQWDOCS2,CN41412T6F,CNK74208W2,WKFBA0CARKP6T0,8CJ7490HTP,,Onsite,4F PRODUCTION,4NPOD33J,,,,,Naga,PO007001,Bell Image,NAGDES0PQH,#N/A,,,,,Deployed
8CC6140RSC,B8:87:88:1B:50:43,Mini 400 G9,BEXHP0AWYDHGVV,FCMHH0CQWE5DLU,CN41412Y5S,CNK7490BRW,WKFBA0CCXKBIGD,,,Onsite,4F PRODUCTION,4NPOD33K,,,,,Naga,PO007001,Bell Image,NAGDES0RSC,#N/A,,,,,Deployed
8CC6140RK9,B8:87:88:1B:51:06,Mini 400 G9,BEXHP0AWYDHGQP,FCMHH0CQWDOCG8,CN41412V8M,CNK742012V,WHQRV0JGCLFSG3,8CJ7490HT5,,Onsite,4F PRODUCTION,4NPOD33L,,,,,Naga,PO007001,Bell Image,NAGDES0RK9,#N/A,,,,,Deployed
8CC6140RNV,B8:87:88:1B:51:45,Mini 400 G9,9CP226NKM1,FCMHH0CQWE5DLD,CN41412XBH,CNK74208GN,WKFBA0CARLIRTB,,,Onsite,4F PRODUCTION,4NPOD33M,,,,,Naga,PO007001,Bell Image,NAGDES0RNV,#N/A,,,,,Deployed
8CC6140QPK,B8:87:88:1B:57:55,Mini 400 G9,BEXHP0AWYDE055,No SN,CN41412T81,CNK742000V,WHQRV0JGCLFS8I,8CJ7490HTN,,Onsite,4F PRODUCTION,4NPOD33N,,,,,Naga,PO007001,Bell Image,NAGDES0QPK,#N/A,,,,,Deployed
8CC44530DJ,6C:0B:5E:84:BC:9F,Mini 400 G9,BKSZU0CUEM220Q,FKTFR0AQWLSV6H,CNK74924G6,CNK7490BTK,WKFBA0CARJYE51,8CJ7490HQR | 8CJ7361M37,,Onsite,5F PRODUCTION,5NPOD01,,,,,Naga,PO005657,Bell Image,NAGDES30DJ,#N/A,,,,,Deployed
8CC5122M00,24:FB:E3:C5:78:B5,Mini 400 G9,BEXHP0AWYFV01J,9CP14705TK,CNK74924D4,CNK74200ZP,WKFBA0CARKP3YG,8CJ7490HZR | NO SN,,Onsite,5F PRODUCTION,5NPOD01A,,,,,Naga,PO006020,Bell Image,NAGDES2M00,#N/A,,,,,Deployed
8CC5122M3Y,24:FB:E3:C4:44:72,Mini 400 G9,BEXHP0AWYDE0E6,FKTFR0AQWLSV5I,CNK7490BV7,CNK7490BVL,WKFBA0CARKP6WW,8CJ7490HRG | NO SN,,Onsite,5F PRODUCTION,5NPOD01B,,,,,Naga,PO006020,Bell Image,NAGDES2M3Y,#N/A,,,,,Deployed
8CC5431CVY,,Mini 400 G9,BEXHP0BTJE9087,FKTFR0AQWK3SM5,CNK7491D3H,CNK742018N,WKFBA0CCXKBKC3,8CJ7490J0Y | 8CJ7370NG3,,Onsite,5F PRODUCTION,5NPOD01C,,,,,Naga,PO006535,Bell Image,NAGDES1CVY,#N/A,,,,,Deployed
8CC5122M45,24:FB:E3:C4:44:6F,Mini 400 G9,BEXHP0AWYDHH5M,FCMHH0CVADQL69,CNK749032D,CNK7490BVF,WKFBA0CARKP7AU,8CJ7490J4Q | 8CJ73704FG,,Onsite,5F PRODUCTION,5NPOD01D,,,,,Naga,PO006020,Bell Image,NAGDES2M45,#N/A,,,,,Deployed
8CC5122LYJ,24:FB:E3:C4:3E:46,Mini 400 G9,BEXHP0B9HEA1GM,FCMHH0AHDFTDKY,CNK74924KP,CNK7420086,WKFBA0CDDKP0FU,8CJ7370MFQ | 8CJ7490HZX,,Onsite,5F PRODUCTION,5NPOD01E,,,,,Naga,PO006020,Bell Image,NAGDES2LYJ,#N/A,,,,,Deployed
8CC5122M2J,24:FB:E3:C4:43:4F,Mini 400 G9,BEXHP0AWYDHGY4,FCMHH0CVADQM5U,CNK7490BV5,CNK74902V3,WKFBA0CARKP79B,8CJ7490HP0 | 8CJ7361FNB,,Onsite,5F PRODUCTION,5NPOD01F,,,,,Naga,PO006020,Bell Image,NAGDES2M2J,#N/A,,,,,Deployed
8CC5122LZL,24:FB:E3:C5:78:C3,Mini 400 G9,BEXHP0BTJFU076,FCMHH0CQWED6TA,CNK74208WV,CNK7490320,WKFBA0CARKP3Y2,8CJ64911RL | 8CJ7370380,,Onsite,5F PRODUCTION,5NPOD01G,,,,,Naga,PO006020,Bell Image,NAGDES2LZL,#N/A,,,,,Deployed
8CC5122LYG,24:FB:E3:C5:77:C2,Mini 400 G9,BEXHP0AWYDHGR9,FCMHH0CVADQLJJ,CNK74903HW,CNK7490BVY,WKFBA0CCXKBK9I,8CJ7490HQJ | 8CJ7361FLN,,Onsite,5F PRODUCTION,5NPOD01H,,,,,Naga,PO006020,Bell Image,NAGDES2LYG,#N/A,,,,,Deployed
8CC5122MM7,24:FB:E3:C4:44:AA,Mini 400 G9,BEXHP0AWYFV06W,FCMHH0CQWFV6MY,CNK7420142,CNK7491D4G,WKFBA0CARKP792,8CJ7490HC3 | 8CJ7490HP3,,Onsite,5F PRODUCTION,5NPOD01I,,,,,Naga,PO006020,Bell Image,NAGDES2MM7,#N/A,,,,,Deployed
8CC5122LXC,24:FB:E3:C5:77:AB,Mini 400 G9,BEXHP0AWYDHH2V,FCMHH0CQWDOCHN,CNK749032C,CNK74903HM,WKFBA0CCXKBKCC,8CJ7490HR7 | 8CJ7190J0B,,Onsite,5F PRODUCTION,5NPOD01J,,,,,Naga,PO006020,Bell Image,NAGDES2LXC,#N/A,,,,,Deployed
8CC4390X23,24:6A:0E:DD:AE:59,Mini 400 G9,BEXHP0AWYFV09B,FCMHH0CQWFVC29,CNK749032X,CNK74924KQ,WKFBA0CARKP3YT,8CJ7490HQG | 8CJ7370MB8,,Onsite,5F PRODUCTION,5NPOD01K,,,,,Naga,PO005521,Bell Image,NAGDES0X23,#N/A,,,,,Deployed
8CC5122M0D,24:FB:E3:C4:36:A6,Mini 400 G9,BEXHP0BTJDU0SJ,FCMHH0CVADQLKP,CNK7490BTX,CNK7490BVN,WKFBA0CARKP6S2,8CJ7490HQX | 8CJ7490HNZ,,Onsite,5F PRODUCTION,5NPOD01L,,,,,Naga,PO006020,Bell Image,NAGDES2M0D,#N/A,,,,,Deployed
8CC5122LXT,24:FB:E3:C5:77:98,Mini 400 G9,BEXHP0AWYFV02Q,FCMHH0CQWFV7W2,CNK74200JW,CNK74924H4,WKFBA0CDDKP0G5,8CJ7361M39 | 8CJ73704FC,,Onsite,5F PRODUCTION,5NPOD01M,,,,,Naga,PO006020,Bell Image,NAGDES2LXT,#N/A,,,,,Deployed
8CC5122M4X,24:FB:E3:C4:44:40,Mini 400 G9,BEXHP0AWYDHH2F,FCMHH0CVADQLID,CNK7490CHS,CNK74902YW,WKFBA0CCXKBKBY,8CJ7490HQW | 8CJ7370MDB,,Onsite,5F PRODUCTION,5NPOD01N,,,,,Naga,PO006020,Bell Image,NAGDES2M4X,#N/A,,,,,Deployed
8CC44530HK,6C:0B:5E:84:BD:CF,Mini 400 G9,BKSZU0CUEKR0DF,9CP3082WNS,CNK742085K,CNK742017W,WKFBA0CCXK1NBF,8CJ7361FL5 | 8CJ92676R0,,Onsite,5F PRODUCTION,5NPOD02,,,,,Naga,PO005657,Bell Image,NAGDES30HK,#N/A,,,,,Deployed
8CC5122LZW,24:FB:E3:C5:78:BA,Mini 400 G9,BEXHP0AWYFV09G,FCMHH0CJPECBCF,CNK74924LD,CNK74924KV,WKFBA0CCXKBK8M,8CJ64911SG | NO SN,,Onsite,5F PRODUCTION,5NPOD02A,,,,,Naga,PO006020,Bell Image,NAGDES2LZW,#N/A,,,,,Deployed
8CC5122LWZ,24:FB:E3:C5:79:08,Mini 400 G9,BEXHP0AWYDHH76,FCMHH0CVADQM6X,CNK7490BVR,CNK7490BV8,WKFBA0CDDKP2E3,8CJ7490J0N | 8CJ7490HS0,,Onsite,5F PRODUCTION,5NPOD02B,,,,,Naga,PO006020,Bell Image,NAGDES2LWZ,#N/A,,,,,Deployed
8CC5250YWT,F8:ED:FC:DE:F0:B2,Mini 400 G9,BEXHP0B9HEA1G8,FCMHH0AHDFXI0J,CNK74208WT,CNK749031V,WKFBA0CARKP3YC,8CJ7361FKC | 8CJ76280PJW,,Onsite,5F PRODUCTION,5NPOD02C,,,,,Naga,PO006171,Bell Image,NAGDES0YWT,#N/A,,,,,Deployed
8CC5122M40,24:FB:E3:C4:44:71,Mini 400 G9,BEXHP0AWYDHGVB,FCMHH0CQWED836,CNK7491D3W,CNK74902W4,WKFBA0CCXKBKBT,8CJ7490J0M | 8CJ7370MH9,,Onsite,5F PRODUCTION,5NPOD02D,,,,,Naga,PO006020,Bell Image,NAGDES2M40,#N/A,,,,,Deployed
8CC5431CVL,,Mini 400 G9,BEXHP0BTJFU0B8,FCMHH0AHDFXHXS,CNK74903JG,CNK803048K,WKFBA0CARKP78I,8CJ73704CG | 8CJ7361FMJ,,Onsite,5F PRODUCTION,5NPOD02E,,,,,Naga,PO006535,Bell Image,NAGDES1CVL,#N/A,,,,,Deployed
8CC5122M1B,24:FB:E3:C4:44:6A,Mini 400 G9,BEXHP0AWYDW0AO,FKTFR0AQWK3SKN,CNK74902XZ,CNK7490BVB,WKFBA0CARKP78F,8CJ7490J10 | 8CJ7490HRR,,Onsite,5F PRODUCTION,5NPOD02F,,,,,Naga,PO006020,Bell Image,NAGDES2M1B,#N/A,,,,,Deployed
8CC5122M50,24:FB:E3:C4:3E:26,Mini 400 G9,BEXHP0BTJDU0N1,9CT4370IY6,CNK74903J5,CNK74903JF,WKFBA0CARKP79Y,8CJ7370ML0 | 8CJ7490HSP,,Onsite,5F PRODUCTION,5NPOD02G,,,,,Naga,PO006020,Bell Image,NAGDES2M50,#N/A,,,,,Deployed
8CC5122MZZ,24:FB:E3:C4:40:35,Mini 400 G9,BEXHP0AWYDHGYC,FCMHH0CVADQLIN,3CM4112FHM,CNK7490BTH,WKFBA0CARKP7AM,8VJ7490HQH,,Onsite,5F PRODUCTION,5NPOD02H,,,,,Naga,PO006020,Bell Image,NAGDES2MZZ,#N/A,,,,,Deployed
8CC5431CVZ,,Mini 400 G9,BEXHP0AWYFK0DN,FCMHH0CQWFVAFN,3CM3461JLN,CNK74903HT,WKFBA0CARKP784,8CJ73704DW,,Onsite,5F PRODUCTION,5NPOD02I,,,,,Naga,PO006535,Bell Image,NAGDES1CVZ,#N/A,,,,,Deployed
8CC5250YWC,F8:ED:FC:DE:F0:BE,Mini 400 G9,BEXHP0AWYDHGQO,FCMHH0AKZE97JA,3CM3461JN2,CNK7490335,WKFBA0CM1K92IZ,8CJ7490HNY,,Onsite,5F PRODUCTION,5NPOD02J,,,,,Naga,PO006171,Bell Image,NAGDES0YWC,#N/A,,,,,Deployed
8CC5122M15,24:FB:E3:C4:36:8F,Mini 400 G9,BEXHP0BTJFU0TJ,FCMHH0AHDFTDNJ,3CM4112FJ4,CNK74924KT,WKFBA0CARKP3YH,8CJ7490J08,,Onsite,5F PRODUCTION,5NPOD02K,,,,,Naga,PO006020,Bell Image,NAGDES2M15,#N/A,,,,,Deployed
8CC5122N2G,24:FB:E3:C4:3E;72,Mini 400 G9,BEXHP0AWYDHGUF,FKTFR0AWYK0IXM,1H35170CYM,CNK74902W0,WKFBA0CDDK9E9J,8CJ7490HQ4,,Onsite,5F PRODUCTION,5NPOD02L,,,,,Naga,PO006020,Bell Image,NAGDES2N2G,#N/A,,,,,Deployed
8CC44530C1,48:EA:62:29:A1:9D,Mini 400 G9,9CP142QD7Q,FCMHH0AHDFTD6G,1H35170DC9,CNK749031R,WKFBA0CARKP794,8CJ7370MD7,,Onsite,5F PRODUCTION,5NPOD02M,,,,,Naga,PO005657,Bell Image,NAGDES30C1,#N/A,,,,,Deployed
8CC5122M36,24:FB:E3:C4:36:74,Mini 400 G9,BEXHP0AWYDHGST,9CP5192TZ8,3CM4112BS0,CNK7490BW0,WKFBA0CDDK9EZE,8CJ7490J54,,Onsite,5F PRODUCTION,5NPOD02N,,,,,Naga,PO006020,Bell Image,NAGDES2M36,#N/A,,,,,Deployed
8CC44530JS,48:EA:62:29:A1:A3,Mini 400 G9,BEXHP0AWYDW0G6,FCMHH0CVADQK0P,CNK7491D4H,CNK7490BV3,WKFBA0CDDK130I,8CJ7490J0X | 8CJ7370MG8,,Onsite,5F PRODUCTION,5NPOD03,,,,,Naga,PO005657,Bell Image,NAGDES30JS,#N/A,,,,,Deployed
8CC5250YW6,F8:ED:FC:DE:F0:C4,Mini 400 G9,BEXHP0AWYDHGUV,FCMHH0CVADQK0P,CN41412YGT,CN41382JLN,WKFBA0CARKP7AH,,,Onsite,5F PRODUCTION,5NPOD03A,,,,,Naga,PO006171,Bell Image,NAGDES0YW6,#N/A,,,,,Deployed
8CC5250YVW,F8:ED:FC:DE:F0:00,Mini 400 G9,BEXHP0AWYDV0A0,No SN,3CM41129XG,CNK74903SV,WKFBA0CCXKBIHY,,,Onsite,5F PRODUCTION,5NPOD03B,,,,,Naga,PO006171,Bell Image,NAGDES0YVW,#N/A,,,,,Deployed
8CC5122LT5,24:FB:E3:C4:44:05,Mini 400 G9,BEXHP0AWYDHH59,FCMHH0CJPECB9S,CN41412Y9Q,CN41412YBP,WKFBA0CARKP6TF,8CJ7361M3D,,Onsite,5F PRODUCTION,5NPOD03C,,,,,Naga,PO006020,Bell Image,NAGDES2LT5,#N/A,,,,,Deployed
8CC6140Q01,B8:87:88:1B:56:0C,Mini 400 G9,9CP226NKJ8,FCMHH0CQWFB602,CNK7490430,CNK74903SP,WHQRV0JGCM11ZN,,,Onsite,5F PRODUCTION,5NPOD03D,,,,,Naga,PO007001,Bell Image,NAGDES0Q01,#N/A,,,,,Deployed
8CC6140QX5,B8:87:88:1B:52:DE,Mini 400 G9,BKSZU0CUEKR11E,FCMHH0CQWE8GPJ,CN41412X8T,CN41382JH3,WHQRV0JGCM124U,8CJ73704D4,,Onsite,5F PRODUCTION,5NPOD03E,,,,,Naga,PO007001,Bell Image,NAGDES0QX5,#N/A,,,,,Deployed
8CC6140Q06,B8:87:88:1B:56:06,Mini 400 G9,BEXHP0AWYDHH5U,9CP4301NDN,CNK74903T7,CNK7490BB1,WHQRV0JGCM18QQ,,,Onsite,5F PRODUCTION,5NPOD03F,,,,,Naga,PO007001,Bell Image,NAGDES0Q06,#N/A,,,,,Deployed
8CC6140QVL,B8:87:88:1B:50:AE,Mini 400 G9,BEXHP0AWYDE093,FKTFR0AQWK3SKU,CN41412YBZ,CN41412Y25,WHQRV0JGCM18W6,8CJ7490HTF,,Onsite,5F PRODUCTION,5NPOD03G,,,,,Naga,PO007001,Bell Image,NAGDES0QVL,#N/A,,,,,Deployed
8CC6140RM5,B8:87:88:1B:53:21,Mini 400 G9,BEXHP0AWYDHGQV,FKTFR0AJPLE071,CNK749043T,CNK7470ST0,WHQRV0JGCM6CGY,,,Onsite,5F PRODUCTION,5NPOD03H,,,,,Naga,PO007001,Bell Image,NAGDES0RM5,#N/A,,,,,Deployed
8CC6140RM0,B8:87:88:1B:53:8A,Mini 400 G9,BEXHP0CUEEE0B9,9CP14705V9,CN41412XVD,CN41412X88,WHQRV0JGCM6CH1,,,Onsite,5F PRODUCTION,5NPOD03I,,,,,Naga,PO007001,Bell Image,NAGDES0RM0,#N/A,,,,,Deployed
8CC6140PNS,B8:87:88:1B:55:D4,Mini 400 G9,BEXHP0AWYEG1IB,FCMHH0CQWDOCN6,CNK74903ZY,CNK742010D,WHQRV0JGCM6CJ6,,,Onsite,5F PRODUCTION,5NPOD03J,,,,,Naga,PO007001,Bell Image,NAGDES0PNS,#N/A,,,,,Deployed
8CC6140QXP,B8:87:88:1B:53:D1,Mini 400 G9,BEXHP0BTJDU0PX,FCMHH0CQWED6U4,CN41412YC3,CN41412YCX,WHQRV0JGCM18WC,,,Onsite,5F PRODUCTION,5NPOD03K,,,,,Naga,PO007001,Bell Image,NAGDES0QXP,#N/A,,,,,Deployed
8CC6140RCB,B8:87:88:1B:52:56,Mini 400 G9,BEXHP0AWYDHH4N,FKTFR0AQWLSV5A,CNK7470RV0,CNK7470STB,WHQRV0JGCM12C6,,,Onsite,5F PRODUCTION,5NPOD03L,,,,,Naga,PO007001,Bell Image,NAGDES0RCB,#N/A,,,,,Deployed
8CC6140Q8Z,B8:87:88:1B:53:F0,Mini 400 G9,BEXHP0AWYDW0G2,FCMHH0CQWE5DDQ,CN41412Y1W,CN41412X8M,WHQRV0JGCM12C9,,,Onsite,5F PRODUCTION,5NPOD03M,,,,,Naga,PO007001,Bell Image,NAGDES0Q8Z,#N/A,,,,,Deployed
8CC6140RGM,B8:87:88:1B:53:04,Mini 400 G9,BEXHP0BTJE909I,9CT50204N4,CNK7470SSL,CNK7490401,WHQRV0JGCM69LC,,,Onsite,5F PRODUCTION,5NPOD03N,,,,,Naga,PO007001,Bell Image,NAGDES0RGM,#N/A,,,,,Deployed
8CC44530TY,48:EA:62:29:A1:E2,Mini 400 G9,BKSZU0AWYL45YV,9CP5371LYH,CNK7490BTQ,CNK74903J2,WKFBA0CDDK13Q1,8CJ7490HNM | 8CJ7490HR9,,Onsite,5F PRODUCTION,5NPOD04,,,,,Naga,PO005657,Bell Image,NAGDES30TY,#N/A,,,,,Deployed
8CC6140R32,B8:87:88:1B:4E:1B,Mini 400 G9,BEXHP0AWYDW04O,FKTFR0AQWLSV5V,CNK80303HF,CNK742013F,WHQRV0JGCM191Q,8CJ7370MJS,,Onsite,5F PRODUCTION,5NPOD04A,,,,,Naga,PO007001,Bell Image,NAGDES0R32,#N/A,,,,,Deployed
8CC6140RHT,B8:87:88:1B:50:ED,Mini 400 G9,BEXHP0AWYFK0DS,FCMHH0CQWE5D42,CNK74200X1,CNK742014W,WHQRV0JGCM12BK,8CJ7490J0L,,Onsite,5F PRODUCTION,5NPOD04B,,,,,Naga,PO007001,Bell Image,NAGDES0RHT,#N/A,,,,,Deployed
8CC6140QQ0,B8:87:88:1B:56:AE,Mini 400 G9,BEXHP0CUEDU0A7,9CT4370J2G,CNK3220PT4,CNK3220PS8,WHQRV0JGCM124A,8CJ7370MDQ,,Onsite,5F PRODUCTION,5NPOD04C,,,,,Naga,PO007001,Bell Image,NAGDES0QQ0,#N/A,,,,,Deployed
8CC6140RNJ,B8:87:88:1B:51:9E,Mini 400 G9,9CP246NTX2,9CP4301N5N,CNK80304CX,CNK80304R1,WHQRV0JGCM12EA,8CJ7361FNX,,Onsite,5F PRODUCTION,5NPOD04D,,,,,Naga,PO007001,Bell Image,NAGDES0RNJ,#N/A,,,,,Deployed
8CC6140Q5V,B8:87:88:1B:4E:06,Mini 400 G9,9CP226NKQX,FCMHH067D0B0I,CNK742008X,CNK74200Q4,WHQRV0JGCM6C77,8CJ73704C2,,Onsite,5F PRODUCTION,5NPOD04E,,,,,Naga,PO007001,Bell Image,NAGDES0Q5V,#N/A,,,,,Deployed
8CC6140PMB,B8:87:88:1B:55:59,Mini 400 G9,BEXHP0AWYFV03N,SN Unreadable,CNK74924L6,CNK74924CX,WHQRV0JGCM6C7W,8CJ7370NJ0,,Onsite,5F PRODUCTION,5NPOD04F,,,,,Naga,PO007001,Bell Image,NAGDES0PMB,#N/A,,,,,Deployed
8CC6140RKK,B8:87:88:1B:53:35,Mini 400 G9,BEXHP0AWYAV4JU,9CT50203Q8,CNK74200KJ,CNK74200BC,WHQRV0JGCM18WE,8CJ7361FL9,,Onsite,5F PRODUCTION,5NPOD04G,,,,,Naga,PO007001,Bell Image,NAGDES0RKK,#N/A,,,,,Deployed
8CC5431CW2,AC:F4:66:B9:14:DC,Mini 400 G9,9CP226NKS1,9CP4301NDB,1H35170JDB,1H35170FT9,WHQRV0IGCKZIPV,,,Onsite,5F PRODUCTION,5NPOD04 (right),,,,,,,,NAGDES1CW2,,,,,,
8CC5431CVF,AC:F4:66:B9:14:EE,Mini 400 G9,BKSZU0CUEM24VO,9CT4370IYP,1H35170JDR,1H35170JDV,WHQRV0IGCKZQWL,,,Onsite,5F PRODUCTION,5NPOD04 (left),,,,,,,,NAGDES1CVF,,,,,,
8CC6140RPG,B8:87:88:1B:51:31,Mini 400 G9,BEXHP0BTJFU01V,9CP5192V0W,CNK80304QS,CNK80303HQ,WHQRV0JGCM18N4,8CJ64911QV,,Onsite,5F PRODUCTION,5NPOD04H,,,,,Naga,PO007001,Bell Image,NAGDES0RPG,#N/A,,,,,Deployed
8CC6140Q4W,B8:87:88:1B:50:1F,Mini 400 G9,BEXHP0CUEDU0AC,9CP1521C6Q,CNK74902YC,CNK7490332,WHQRV0JGCM18QN,8CJ7490HV4,,Onsite,5F PRODUCTION,5NPOD04I,,,,,Naga,PO007001,Bell Image,NAGDES0Q4W,#N/A,,,,,Deployed
8CC6140RGJ,B8:87:88:1B:53:0A,Mini 400 G9,BEXHP0BTJFU14Z,FCMHH0AHDFXHY0,CNK803048Q,CNK8030414,WHQRV0JGCM6CIU,8CJ7490HQ5,,Onsite,5F PRODUCTION,5NPOD04J,,,,,Naga,PO007001,Bell Image,NAGDES0RGJ,#N/A,,,,,Deployed
8CC6140R87,B8:87:88:1B:51:ED,Mini 400 G9,BEXHP0CUEDU0A8,9CP4103M1B,CNK7420097,CNK74200KM,WHQRV0JGCM6CHC,8CJ7490HRN,,Onsite,5F PRODUCTION,5NPOD04K,,,,,Naga,PO007001,Bell Image,NAGDES0R87,#N/A,,,,,Deployed
8CC6140Q9J,B8:87:88:1B:54:67,Mini 400 G9,9CT43603MH,FCMHH0AHDFTDAS,CNK74924CY,CNK74924KS,WHQRV0JGCM69HS,8CJ716019G,,Onsite,5F PRODUCTION,5NPOD04L,,,,,Naga,PO007001,Bell Image,NAGDES0Q9J,#N/A,,,,,Deployed
8CC6140QK9,B8:87:88:1B:55:6D,Mini 400 G9,BEXHP0BTJDU0MQ,FCMHH0A67D0C9E,CNK74924D3,CNK74924DR,WHQRV0JGCM6CD5,8CJ7361FL6,,Onsite,5F PRODUCTION,5NPOD04M,,,,,Naga,PO007001,Bell Image,NAGDES0QK9,#N/A,,,,,Deployed
8CC6140QLG,B8:87:88:18:9B:95,Mini 400 G9,BEXHP0AWYFK0DL,FCMHH0CQWFV7SW,CNK74903FK,CNK8030484,WHQRV0JGCM18OZ,8CJ7370MZW,,Onsite,5F PRODUCTION,5NPOD04N,,,,,Naga,PO007001,Bell Image,NAGDES0QLG,#N/A,,,,,Deployed
8CC44530SD,48:EA:62:29:A2:6F,Mini 400 G9,BEXHP0BTJDU0NH,FKTFR0AQWLSW7S,CNK74903H1,CNK7490BBG,WKFBA0CDDK13FU,8CJ7490J04 | 8CJ7490HQ0,,Onsite,5F PRODUCTION,5NPOD05,,,,,Naga,PO005657,Bell Image,NAGDES30SD,#N/A,,,,,Deployed
8CC6140PQQ,B8:87:88:18:9D:7B,Mini 400 G9,BEXHP0BTJDU0MU,9CP3082WPY,CNK7490BBH,CNK7490BBP,WHQRV0JGCM6C69,8CJ7370MBL,,Onsite,5F PRODUCTION,5NPOD05A,,,,,Naga,PO007001,Bell Image,NAGDES0PQQ,#N/A,,,,,Deployed
8CC6140RHP,B8:87:88:1B:50:F1,Mini 400 G9,BEXHP0BTJFS2EA,9CT50203EA,CNK74208QZ,CNK7490BB8,WHQRV0JGCM121V,8CJ73704FR,,Onsite,5F PRODUCTION,5NPOD05B,,,,,Naga,PO007001,Bell Image,NAGDES0RHP,#N/A,,,,,Deployed
8CC6140QQ1,B8:87:88:1B:56:A9,Mini 400 G9,BKSZU0CUEKR1AZ,FCMHH0CVADQLBU,CNK80303VP,CNK74902WW,WHQRV0JGCM6BV1,8CJ7370MBF,,Onsite,5F PRODUCTION,5NPOD05C,,,,,Naga,PO007001,Bell Image,NAGDES0QQ1,#N/A,,,,,Deployed
8CC6140QMB,B8:87:88:1B:54:91,Mini 400 G9,BEXHP0BTJFS2H8,FCMHH0CQWFV731,CNK74200V1,CNK74208JK,WHQRV0JGCM18WL,8CJ7490H90,,Onsite,5F PRODUCTION,5NPOD05D,,,,,Naga,PO007001,Bell Image,NAGDES0QMB,#N/A,,,,,Deployed
8CC6140QHF,B8:87:88:1B:55:B8,Mini 400 G9,9CP149N8FK,FCMHH0CVADQLB9,CNK74902VQ,CNK7490BT0,WHQRV0JGCM18ZL,8CJ7370MBW,,Onsite,5F PRODUCTION,5NPOD05E,,,,,Naga,PO007001,Bell Image,NAGDES0QHF,#N/A,,,,,Deployed
8CC6140PMT,B8:87:88:1B:55:4F,Mini 400 G9,BEXHP0BTJFS2GU,FCMHH0CQWFVAGY,CNK80304R9,CNK749043D,WHQRV0JGCM18NI,8CJ7361FNL,,Onsite,5F PRODUCTION,5NPOD05F,,,,,Naga,PO007001,Bell Image,NAGDES0PMT,#N/A,,,,,Deployed
8CC6140Q3C,B8:87:88:1B:54:C8,Mini 400 G9,BEXHP0CUEDU0B8,FCMHH0AKZDQSJY,CNK3220PVG,CNK3220PS4,WHQRV0JGCM18QL,8CJ7370MC9,,Onsite,5F PRODUCTION,5NPOD05G,,,,,Naga,PO007001,Bell Image,NAGDES0Q3C,#N/A,,,,,Deployed
8CC5431CW9,AC:F4:66:B9:14:D9,Mini 400 G9,BKSZU0CUEKR0B2,9CP5192V8D,1H35170JDJ,1H35170FT6,WHQRV0IGCKZIOV,,,Onsite,5F PRODUCTION,5NPOD05 (right),,,,,,,,NAGDES1CW9,,,,,,
8CC5431CW3,AC:F4:66:B9:14:DC,Mini 400 G9,BKSZU0CUEKR0DX,9CT50204FL,1H35170FV0,1H35170F2X,WHQRV0IGCKZQVC,,,Onsite,5F PRODUCTION,5NPOD05 (left),,,,,,,,NAGDES1CW3,,,,,,
8CC6140QJH,B8:87:88:1B:55:BE,Mini 400 G9,BEXHP0BTJFU0XR,FCMHH0CQWEEHPR,CNK80304FM,CNK7470ST6,WHQRV0JGCM129U,8CJ7490J03,,Onsite,5F PRODUCTION,5NPOD05H,,,,,Naga,PO007001,Bell Image,NAGDES0QJH,#N/A,,,,,Deployed
8CC6140RP4,B8:87:88:1B:51:36,Mini 400 G9,BKSZU0AWYK201Y,FKTFR0AQWK3SL3,CNK74902VD,CNK74903FF,WHQRV0JGCM11SN,8CJ7490HZQ,,Onsite,5F PRODUCTION,5NPOD05I,,,,,Naga,PO007001,Bell Image,NAGDES0RP4,#N/A,,,,,Deployed
8CC6140QS6,B8:87:88:1B:50:73,Mini 400 G9,BEXHP0BTJFS2FQ,FCMHH0CQWDOCHO,CNK803046D,CNK80304FS,WHQRV0JGCM6BX6,8CJ7361FCY,,Onsite,5F PRODUCTION,5NPOD05J,,,,,Naga,PO007001,Bell Image,NAGDES0QS6,#N/A,,,,,Deployed
8CC6140PL0,B8:87:88:1B:56:59,Mini 400 G9,BEXHP0WYDV09W,FCMHH0AKSDQSJI,CNK74924F0,CNK74903SZ,WHQRV0JGCM1951,8CJ7490J0F,,Onsite,5F PRODUCTION,5NPOD05K,,,,,Naga,PO007001,Bell Image,NAGDES0PL0,#N/A,,,,,Deployed
8CC6140PQW,B8:87:88:18:9D:63,Mini 400 G9,BEXHP0BTJFU0DL,FCMHH0CQWFVCG2,CNK8030468,CNK7490BT1,WHQRV0JGCM196O,8CJ7490HSK,,Onsite,5F PRODUCTION,5NPOD05L,,,,,Naga,PO007001,Bell Image,NAGDES0PQW,#N/A,,,,,Deployed
8CC6140RK0,B8:87:88:1B:51:0E,Mini 400 G9,BEXHP0AWYDHGVG,FCMHH0A67D0CBS,CNK74902WP,CNK7470SSR,WHQRV0JGCM6C7C,8CJ926763G,,Onsite,5F PRODUCTION,5NPOD05M,,,,,Naga,PO007001,Bell Image,NAGDES0RK0,#N/A,,,,,Deployed
8CC6140PVZ,B8:87:88:1B:57:8A,Mini 400 G9,BEXHP0AWYFV06S,FCMHH0CQWE5D8S,CNK742008Q,CNK7491D4F,WHQRV0JGCM1940,8CJ7490HT0,,Onsite,5F PRODUCTION,5NPOD05N,,,,,Naga,PO007001,Bell Image,NAGDES0PVZ,#N/A,,,,,Deployed
8CC44530J1,6C:0B:5E:84:BD:FE,Mini 400 G9,BKSZU0CUEKR083,9CT50203N7,CNK749042H,CNK7490BFG,WKFBA0CDDK13IU,8CJ7490HR5 | 8CJ7370MCQ,,Onsite,5F PRODUCTION,5NPOD06,,,,,Naga,PO005657,Bell Image,NAGDES30J1,#N/A,,,,,Deployed
8CC6140Q37,B8:87:88:1B:54:CE,Mini 400 G9,BEXHP0AWYDW0AF,FCMHH0CQWDOCOQ,CNK74902YG,CNK74903J1,WHQRV0JGCM191H,8CJ716018S,,Onsite,5F PRODUCTION,5NPOD06A,,,,,Naga,PO007001,Bell Image,NAGDES0Q37,#N/A,,,,,Deployed
8CC6140Q8L,B8:87:88:1B:55:0E,Mini 400 G9,BEXHP0AWYFK095,FCMHH0CVADQLZV,CNK7420001,CNK74200MZ,WHQRV0JGCM18W5,8CJ7361FMZ,,Onsite,5F PRODUCTION,5NPOD06B,,,,,Naga,PO007001,Bell Image,NAGDES0Q8L,#N/A,,,,,Deployed
8CC6140R81,B8:87:88:1B:51:F6,Mini 400 G9,BEXHP0AWYDHGXR,FCMHH0CVADQM6K,CNK80303TW,CNK74924DP,WHQRV0JGCM6CJ8,8CJ64911RN,,Onsite,5F PRODUCTION,5NPOD06C,,,,,Naga,PO007001,Bell Image,NAGDES0R81,#N/A,,,,,Deployed
8CC6140RDC,B8:87:88:1B:51:91,Mini 400 G9,BEXHP0BTJFS2GR,FCMHH0CQWFV7XP,CNK749032L,CNK74208SL,WHQRV0JGCM6CIK,8CJ7361FKX,,Onsite,5F PRODUCTION,5NPOD06D,,,,,Naga,PO007001,Bell Image,NAGDES0RDC,#N/A,,,,,Deployed
8CC6140QM7,B8:87:88:18:9D:50,Mini 400 G9,BEXHP0AWYDHGUQ,FCMHH0AKZE97JI,CNK7490BR8,CNK7490B7D,WKFBA0CARKP6T6,8CJ64911QJ,,Onsite,5F PRODUCTION,5NPOD06E,,,,,Naga,PO007001,Bell Image,NAGDES0QM7,#N/A,,,,,Deployed
8CC6140R1K,B8:87:88:1B:4C:AB,Mini 400 G9,BEXHP0AWYFV04R,FCMHH0CQWFV7T3,CNK7420100,CNK74200CR,WHQRV0JGCM11Y6,8CJ7490HSY,,Onsite,5F PRODUCTION,5NPOD06F,,,,,Naga,PO007001,Bell Image,NAGDES0R1K,#N/A,,,,,Deployed
8CC6140QMT,B8:87:88:18:9C:23,Mini 400 G9,BKSU0CUEKR1L0,9CT5020450,CNK7490B9B,CNK7490B9L,WHQRV0JGCM18VT,8CJ73704CZ,,Onsite,5F PRODUCTION,5NPOD06G,,,,,Naga,PO007001,Bell Image,NAGDES0QMT,#N/A,,,,,Deployed
8CC5431CW0,AC:F4:66:B9:14:E1,Mini 400 G9,9CP226NKQB,FKTFR0AQWK3SBD,1H35170FTM,1H35170FT4,WHQRV0IGCL0KL6,,,Onsite,5F PRODUCTION,5NPOD06 (left),,,,,,,,NAGDES1CW0,,,,,,
8CC6140R8P,B8:87:88:1B:51:DA,Mini 400 G9,BEXHP0BTJFS2G1,9CT50204MY,CNK74200P6,CNK7470ST4,WHQRV0JGCM6CHF,8CJ64911R4,,Onsite,5F PRODUCTION,5NPOD06H,,,,,Naga,PO007001,Bell Image,NAGDES0R8P,#N/A,,,,,Deployed
8CC6140RJY,B8:87:88:1B:51:11,Mini 400 G9,BEXHP0BTJDU0NR,FCMHH0CQWDOCP5,CNK7470RTX,CNK74924LG,WHQRV0JGCM6BW0,8CJ7370MC2,,Onsite,5F PRODUCTION,5NPOD06I,,,,,Naga,PO007001,Bell Image,NAGDES0RJY,#N/A,,,,,Deployed
8CC6140QLQ,B8:87:88:18:9B:F1,Mini 400 G9,BEXHP0AWYFV06F,FCMHH0AKZFW7L4,CNK74208RL,CNK74208R6,WHQRV0JGCM6CH9,8CJ7370MCN,,Onsite,5F PRODUCTION,5NPOD06J,,,,,Naga,PO007001,Bell Image,NAGDES0QLQ,#N/A,,,,,Deployed
8CC5122MMJ,24:FB:E3:C4:43:82,Mini 400 G9,BEXHP0BTJDU0P0,FCMHH0CVADQLD5,CNK7490BSH,CNK74903HK,WKFBA0CARKP6W9,8CJ7370MH4 | 8CJ7370MBG,,Onsite,5F PRODUCTION,5NPOD06K,,,,,Naga,PO006020,Bell Image,NAGDES2MMJ,#N/A,,,,,Deployed
8CC5122M42,24:FB:E3:C4:44:70,Mini 400 G9,BEXHP0BTJFU0X0,FCMHH0CQWFVBF4,CNK74200JQ,CNK74200J3,WKFBA0CARKP7AN,8CJ7361FCL | 8CJ7361FLF,,Onsite,5F PRODUCTION,5NPOD06L,,,,,Naga,PO006020,Bell Image,NAGDES2M42,#N/A,,,,,Deployed
8CC5122LPW,24:FB:E3:C5:78:14,Mini 400 G9,9CT43603RP,FCMHH0CVADQLD6,CNK74903F7,CNK74903J0,WKFBA0CCXKBK96,8CJ7490HKM | 8CJ7370MBH,,Onsite,5F PRODUCTION,5NPOD06M,,,,,Naga,PO006020,Bell Image,NAGDES2LPW,#N/A,,,,,Deployed
8CC5122M2K,24:FB:E3:C4:43:4E,Mini 400 G9,BEXHP0AWYFK0D0,FCMHH0AHDFTEUV,CNK74200TV,CNK7490BFT,WKFBA0CARLIUXQ,8CJ7361FKQ | 8CJ73704DX,,Onsite,5F PRODUCTION,5NPOD06N,,,,,Naga,PO006020,Bell Image,NAGDES2M2K,#N/A,,,,,Deployed
8CC44530S4,48:EA:62:29:A2:87,Mini 400 G9,BEXHP0AWYDHGT9,9CP5333NBL,CNK7490B9V,CNK7490BB6,WKFBA0CDDK169D,8CJ73704D2 | 8CJ7490HSC,,Onsite,5F PRODUCTION,5NPOD07,,,,,Naga,PO005657,Bell Image,NAGDES30S4,#N/A,,,,,Deployed
8CC6140Q94,B8:87:88:1B:53:F6,Mini 400 G9,BEXHP0AWYDW070,FKTFR0AQWLSVH4,CNK742013H,CNK742008F,WHQRV0JGCM18XD,8CJ7370MK9,,Onsite,5F PRODUCTION,5NPOD07A,,,,,Naga,PO007001,Bell Image,NAGDES0Q94,#N/A,,,,,Deployed
8CC6140QLF,B8:87:88:18:9B:F9,Mini 400 G9,BEXHP0AWYFK0CZ,9CP14705VP,1H35170CXR,1H35170C6J,WHQRV0JGCM18NO,,,Onsite,5F PRODUCTION,5NPOD07B,,,,,Naga,PO007001,Bell Image,NAGDES0QLF,#N/A,,,,,Deployed
8CC6140QJJ,B8:87:88:1B:52:53,Mini 400 G9,BEXHP0AWYDW024,FCMHH0CQWE5DE0,1H35170C7Q,1H35170DCP,WHQRV0JGCM6C90,,,Onsite,5F PRODUCTION,5NPOD07C,,,,,Naga,PO007001,Bell Image,NAGDES0QJJ,#N/A,,,,,Deployed
8CC6140RQY,B8:87:88:1B:54:60,Mini 400 G9,BEXHP0AWYFV02H,FCMHH0AHDFTDBJ,1H35170BQX,1H35170DDK,WHQRV0JGCM18NU,,,Onsite,5F PRODUCTION,5NPOD07D,,,,,Naga,PO007001,Bell Image,NAGDES0RQY,#N/A,,,,,Deployed
8CC6140RL5,B8:87:88:1B:50:E6,Mini 400 G9,BEXHP0AWYDW08B,FCMHH0CJPEC86E,1H35170C7G,1H35170BTC,WHQRV0JGCM6CBL,,,Onsite,5F PRODUCTION,5NPOD07E,,,,,Naga,PO007001,Bell Image,NAGDES0RL5,#N/A,,,,,Deployed
8CC6140PKB,B8:87:88:1B:56:74,Mini 400 G9,9CT43603WK,9CP5192V78,1H35170DC3,1H35170C6M,WHQRV0JGCM122G,,,Onsite,5F PRODUCTION,5NPOD07F,,,,,Naga,PO007001,Bell Image,NAGDES0PKB,#N/A,,,,,Deployed
8CC6140QB3,B8:87:88:1B:54:76,Mini 400 G9,BKSZU0CUEKR1VO,FCMHH0CQWE8GQ3,1H35170DBJ,1H35170C79,WGMTU0F1RDR7Y2,,,Onsite,5F PRODUCTION,5NPOD07G,,,,,Naga,PO007001,Bell Image,NAGDES0QB3,#N/A,,,,,Deployed
8CC5431CTN,,Mini 400 G9,9CT43603SL,9CT4370IXJ,1H35170FV1,1H35170FV7,WHQRV0JGCM6C7K,,,Onsite,5F PRODUCTION,5NPOD07 (right),,,,,,,,NAGDES1CTN,,,,,,
8CC5431CW1,AC:F4:66:B9:14:DF,Mini 400 G9,9CP246NTTT,9CP4301ND4,1H35170JJ7,1H35170JD9,WHQRV0IGCKZQX9,,,Onsite,5F PRODUCTION,5NPOD07 (left),,,,,,,,NAGDES1CW1,,,,,,
8CC6140QHJ,B8:87:88:1B:55:9E,Mini 400 G9,BEXHP0BTJFU0GM,FCMHH0AKZFW7J2,CNK74903SR,CNK74207VJ,WHQRV0JGCM18WM,8CJ7361FDD,,Onsite,5F PRODUCTION,5NPOD07H,,,,,Naga,PO007001,Bell Image,NAGDES0QHJ,#N/A,,,,,Deployed
8CC6140R94,B8:87:88:1B:4E:17,Mini 400 G9,BEXHP0AWYDHGYG,No serial number,CNK74902ZB,CNK7470RVP,WHQRV0JGCM6CDC,8CJ73704DN,,Onsite,5F PRODUCTION,5NPOD07I,,,,,Naga,PO007001,Bell Image,NAGDES0R94,#N/A,,,,,Deployed
8CC6140QLB,B8:87:88:18:9B:FB,Mini 400 G9,BEXHP0AWYFV08D,FCMHH0CQWFQKCF,CNK74924FS,CNK742013P,WHQRV0JGCM6CCQ,8CJ7490HNJ,,Onsite,5F PRODUCTION,5NPOD07J,,,,,Naga,PO007001,Bell Image,NAGDES0QLB,#N/A,,,,,Deployed
8CC6140RPF,B8:87:88:1B:51:38,Mini 400 G9,BEXHP0AWYDHGXM,FCMHH0AKSDQSIY,CNK74902VJ,CNK74903SL,WHQRV0JGCM197D,8CJ716017H,,Onsite,5F PRODUCTION,5NPOD07K,,,,,Naga,PO007001,Bell Image,NAGDES0RPF,#N/A,,,,,Deployed
8CC6140PN3,B8:87:88:1B:55:E8,Mini 400 G9,BEXHP0AWYFV04T,FCMHH0CQWFV7U7,CNK80304FK,CNK74903FB,WHQRV0JGCM18WZ,8CJ3704FS,,Onsite,5F PRODUCTION,5NPOD07L,,,,,Naga,PO007001,Bell Image,NAGDES0PN3,#N/A,,,,,Deployed
8CC6140PQV,B8:87:88:18:9D:6F,Mini 400 G9,BEXHP0AWYDV08N,FCMHH0CVADQLC2,CNK7490BC4,CNK7490B76,WHQRV0JGCM11SE,8CJ7490HSD,,Onsite,5F PRODUCTION,5NPOD07M,,,,,Naga,PO007001,Bell Image,NAGDES0PQV,#N/A,,,,,Deployed
8CC6140R9X,B8:87:88:1B:54:A8,Mini 400 G9,BEXHP0AWYFV07X,FCMHH0CQWFV6IT,CNK7470RV3,CNK74200Y6,WHQRV0JGCM12CX,8CJ7361FKT,,Onsite,5F PRODUCTION,5NPOD07N,,,,,Naga,PO007001,Bell Image,NAGDES0R9X,#N/A,,,,,Deployed
8CC44530QZ,48:EA:62:29:A3:A8,Mini 400 G9,BKSZU0CUEKR1IV,FCMHH0CQWDOCPP,CNK7470RVK,CNK7420KKY,WKFBA0CDDK133P,8CJ7490HC6 | 8CJ7490J4B,,Onsite,5F PRODUCTION,5NPOD08,,,,,Naga,PO005657,Bell Image,NAGDES30QZ,#N/A,,,,,Deployed
8CC6140RJL,B8:87:88:1B:51:18,Mini 400 G9,BEXHP0AWYDHGYF,FCMHH0CVADQL2O,CNK7470SSW,CNK7470RW2,WHQRV0JGCM6DPH,8CJ73704DK / No serial,,Onsite,5F PRODUCTION,5NPOD08A,,,,,Naga,PO007001,Bell Image,NAGDES0RJL,#N/A,,,,,Deployed
8CC6140R40,B8:87:88:1B:52:04,Mini 400 G9,BEXHP0AWYDHGSX,FCMHH0A67DO894,CN41412YCG,CN41412YBV,WHQRV0JGCM18XH,,,Onsite,5F PRODUCTION,5NPOD08B,,,,,Naga,PO007001,Bell Image,NAGDES0R40,#N/A,,,,,Deployed
8CC6140QLH,B8:87:88:18:9B:F2,Mini 400 G9,BEXHP0AWYDHH6K,9CP1521C74,CNK7470RV9,CNK74903HP,WHQRV0JGCM18W4,8CJ7370MG3,,Onsite,5F PRODUCTION,5NPOD08C,,,,,Naga,PO007001,Bell Image,NAGDES0QLH,#N/A,,,,,Deployed
8CC5122NDL,24:FB:E3:C5:79:47,Mini 400 G9,BEXHP0AWYE904Y,FCMHH0CQWEDQA5,CN41412Y27,CN41412Y1Q,WHQRV0JGCM6BWI,,,Onsite,5F PRODUCTION,5NPOD08D,,,,,Naga,PO006020,Bell Image,NAGDES2NDL,#N/A,,,,,Deployed
8CC6140QFB,B8:87:88:1B:53:E0,Mini 400 G9,BKSZU0CUEKR0D9,FCMHH0CVADQL2T,CNK74902WG,CNK74903JL,WHQRV0JGCM6DJN,8CJ73704DQ,,Onsite,5F PRODUCTION,5NPOD08E,,,,,Naga,PO007001,Bell Image,NAGDES0QFB,#N/A,,,,,Deployed
8CC6140QJ0,B8:87:88:1B:55:CD,Mini 400 G9,BEXHP0CUEDU0A6,FCMHH0CQWDOCM2,CN41412Y1S,CN41412Y1P,WHQRV0JGCM6DIV,,,Onsite,5F PRODUCTION,5NPOD08F,,,,,Naga,PO007001,Bell Image,NAGDES0QJ0,#N/A,,,,,Deployed
8CC6140PJM,B8:87:88:1B:56:4A,Mini 400 G9,BEXHP0AWYDHH5K,9CP3082WZS,CNK74903HD,CNK74924F5,WHQRV0JGCM6CED,8CJ73704DL,,Onsite,5F PRODUCTION,5NPOD08G,,,,,Naga,PO007001,Bell Image,NAGDES0PJM,#N/A,,,,,Deployed
8CC5431CVT,AC:F4:66:B9:14:E6,Mini 400 G9,9CP539SDRD,FKTFR0AQWL0MLP,1H3517FSZ,1H35170FTT,WHQRV0IGCKZIBQ,,,Onsite,5F PRODUCTION,5NPOD08 (right),,,,,,,,NAGDES1CVT,,,,,,
8CC5431CWK,AC:F4:66:B9:14:A4,Mini 400 G9,9CP539SDRG,FKTFR0AQWL0M2B,1H35170DDJ,1H35170C7W,WHQRV0IGCKZQX5,,,Onsite,5F PRODUCTION,5NPOD08 (left),,,,,,,,NAGDES1CWK,,,,,,
8CC6140QDH,B8:87:88:1B:54:10,Mini 400 G9,BEXHP0AWYDHGZW,FCMHH0CQWEEZ9A,CN41412Y1X,CN41412YBQ,WHQRV0JGCM18X8,,,Onsite,5F PRODUCTION,5NPOD08H,,,,,Naga,PO007001,Bell Image,NAGDES0QDH,#N/A,,,,,Deployed
8CC6140R7P,B8:87:88:1B:50:C4,Mini 400 G9,BEXHP0AWYDHGWD,FCMHH0CVADQM5C,CNK7490C2C,CNK74924FF,WHQRV0JGCM6CIO,8CJ73704DC,,Onsite,5F PRODUCTION,5NPOD08I,,,,,Naga,PO007001,Bell Image,NAGDES0R7P,#N/A,,,,,Deployed
8CC6140Q32,B8:87:88:1B:54:D4,Mini 400 G9,BKSZU0CUEKR1E5,FCMHH0CQWA0S7U,CN41412YBM,CN41382JGL,WHQRV0JGCM11WR,,,Onsite,5F PRODUCTION,5NPOD08J,,,,,Naga,PO007001,Bell Image,NAGDES0Q32,#N/A,,,,,Deployed
8CC6140PMZ,B8:87:88:1B:55:49,Mini 400 G9,BEXHP0AWYDHGZ7,FKTFR0AQWK3SKM,CNK74903HH,CNK74902XR,WHQRV0JGCM194I,8CJ73704D1,,Onsite,5F PRODUCTION,5NPOD08K,,,,,Naga,PO007001,Bell Image,NAGDES0PMZ,#N/A,,,,,Deployed
8CC6140QZ7,B8:87:88:1B:52:A5,Mini 400 G9,BKSZU0CUEKR0DD,FCMHH0A67D0C92,CN41412Y1T,CN41412YCK,WHQRV0JGCM18Q7,,,Onsite,5F PRODUCTION,5NPOD08L,,,,,Naga,PO007001,Bell Image,NAGDES0QZ7,#N/A,,,,,Deployed
8CC6140QNQ,B8:87:88:18:9B:F7,Mini 400 G9,BEXHP0AWYDHGTO,FCMHH0CQWDOCSW,CNK7470STC,CNK74902X1,WHQRV0JGCM6CHG,8CJ73704DD,,Onsite,5F PRODUCTION,5NPOD08M,,,,,Naga,PO007001,Bell Image,NAGDES0QNQ,#N/A,,,,,Deployed
8CC6140QJD,B8:87:88:1B:55:C2,Mini 400 G9,9CP246NV19,FCMHH0CQWDOCQQ,CN41412YC1,CN41412X8V,WHQRV0JGCM12CD,,,Onsite,5F PRODUCTION,5NPOD08N,,,,,Naga,PO007001,Bell Image,NAGDES0QJD,#N/A,,,,,Deployed
8CC44530JR,48:EA:62:29:A1:9F,Mini 400 G9,BKSVZU0CUEKR0D3,FCMHH0CVADQLCD,CNK7470RVC,CNK74902Y6,WKFBA0CARJY973,8CJ7361M4L | 8CJ7490HQZ,,Onsite,5F PRODUCTION,5NPOD09,,,,,Naga,PO005657,Bell Image,NAGDES30JR,#N/A,,,,,Deployed
8CC6140PNR,B8:87:88:1B:55:BA,Mini 400 G9,BEXHP0AWYDHH1R,FCMHH0CVADQLI9,1H36132TR6,1H36132THK,WHQRV0JGCM18W7,,,Onsite,5F PRODUCTION,5NPOD09A,,,,,Naga,PO007001,Bell Image,NAGDES0PNR,#N/A,,,,,Deployed
8CC6140QPR,B8:87:88:1B:56:B8,Mini 400 G9,BEXHP0AWYDHH6C,FCMHH0CQWDOCRE,CN41412XB2,CN41412YBF,WHQRV0JGCM6CIW,,,Onsite,5F PRODUCTION,5NPOD09B,,,,,Naga,PO007001,Bell Image,NAGDES0QPR,#N/A,,,,,Deployed
8CC6140QMN,B8:87:88:18:9C:2F,Mini 400 G9,BEXHP0AWYDHGVE,FCMHH0CVADQL0U,1H36132TJS,1H36132THN,WHQRV0JGCM18XG,,,Onsite,5F PRODUCTION,5NPOD09C,,,,,Naga,PO007001,Bell Image,NAGDES0QMN,#N/A,,,,,Deployed
8CC6140QC1,B8:87:88:1B:55:01,Mini 400 G9,BEXHP0AWYDHGRO,FCMHH0CJPECBNX,CN41412YC7,CN41412YD3,WHQRV0JGCM191O,,,Onsite,5F PRODUCTION,5NPOD09D,,,,,Naga,PO007001,Bell Image,NAGDES0QC1,#N/A,,,,,Deployed
8CC6140RR2,B8:87:88:1B:54:5B,Mini 400 G9,BEXHP0AWYDE0E4,FCMHH0CQWDOCLJ,1H36092ZN9,1H36092ZNK,WHQRV0JGCM18RL,,,Onsite,5F PRODUCTION,5NPOD09E,,,,,Naga,PO007001,Bell Image,NAGDES0RR2,#N/A,,,,,Deployed
8CC6140PHH,B8:87:88:1B:57:4F,Mini 400 G9,BEXHP0BTJDU127,FCMHH0CQWFH19B,CN41382JL5,CN41412XV9,WHQRV0JGCM12FA,,,Onsite,5F PRODUCTION,5NPOD09F,,,,,Naga,PO007001,Bell Image,NAGDES0PHH,#N/A,,,,,Deployed
8CC6140R8X,B8:87:88:1B:53:77,Mini 400 G9,BEXHP0AWYDE0CM,FCMHH0CQWDOCPM,1H36132TH3,1H36132TM8,WHQRV0JGCM18X3,,,Onsite,5F PRODUCTION,5NPOD09G,,,,,Naga,PO007001,Bell Image,NAGDES0R8X,#N/A,,,,,Deployed
8CC5431CSX,AC:F4:66:B9:14:CD,Mini 400 G9,9CP539SDRB,9CP5333NBV,1H35170JDT,1H35170JD2,WHQRV0IGCKZHWO,,,Onsite,5F PRODUCTION,5NPOD09 (left),,,,,,,,NAGDES1CSX,,,,,,
8CC6140PVS,B8:87:88:1B:57:81,Mini 400 G9,BKSZU0CUEKR0DW,9CT50204IJ,CN41412YBD,CN41412YD5,WHQRV0JGCM18ZC,,,Onsite,5F PRODUCTION,5NPOD09H,,,,,Naga,PO007001,Bell Image,NAGDES0PVS,#N/A,,,,,Deployed
8CC6140RNW,B8:87:88:1B:51:44,Mini 400 G9,BKSZU0CUEKR1UJ,9CT502040C,1H36092ZNB,1H36132TRC,WHQRV0JGCM129H,,,Onsite,5F PRODUCTION,5NPOD09I,,,,,Naga,PO007001,Bell Image,NAGDES0RNW,#N/A,,,,,Deployed
8CC6140RC3,B8:87:88:1B:4D:E9,Mini 400 G9,BEXHP0AWYDE0E9,FCMHH0CQWEEHWC,CN41412YD4,CN41412YC4,WHQRV0JGCM6CCW,,,Onsite,5F PRODUCTION,5NPOD09J,,,,,Naga,PO007001,Bell Image,NAGDES0RC3,#N/A,,,,,Deployed
8CC6140PNT,B8:87:88:1B:55:D3,Mini 400 G9,BEXHP0AWYDHGY9,FCMHH0CQWDOCQM,1H36132TT2,1H36092ZNH,WHQRV0JGCM194Q,,,Onsite,5F PRODUCTION,5NPOD09K,,,,,Naga,PO007001,Bell Image,NAGDES0PNT,#N/A,,,,,Deployed
8CC6140QB7,B8:87:88:1B:54:74,Mini 400 G9,BEXHP0AWYDE0BF,9CT5020401,CN41412X8R,CN41412V9G,WHQRV0JGCM6CBA,,,Onsite,5F PRODUCTION,5NPOD09L,,,,,Naga,PO007001,Bell Image,NAGDES0QB7,#N/A,,,,,Deployed
8CC6140R1G,B8:87:88:1B:4D:C2,Mini 400 G9,BEXHP0AWYDHGTM,FCMHH0CVADQL48,3CM3461LKZ,3CM4112DWD,WHQRV0JGCM128N,,,Onsite,5F PRODUCTION,5NPOD09M,,,,,Naga,PO007001,Bell Image,NAGDES0R1G,#N/A,,,,,Deployed
8CC6140R3L,B8:87:88:1B:52:22,Mini 400 G9,BEXHP0AWYDHH67,9CT50203RL,CN41412YBJ,CN41412X9Z,WHQRV0JGCM12C1,,,Onsite,5F PRODUCTION,5NPOD09N,,,,,Naga,PO007001,Bell Image,NAGDES0R3L,#N/A,,,,,Deployed
8CC44530SF,48:EA:62:29:A2:70,Mini 400 G9,9CP512PYPL,9CP4103M13,CNK74924FD,CNK74902ZJ,WKFBA0CCXK1MZS,8CJ7361M45 | 8CJ7361FL8,,Onsite,5F PRODUCTION,5NPOD10,,,,,Naga,PO005657,Bell Image,NAGDES30SF,#N/A,,,,,Deployed
8CC6140Q1P,B8:87:88:1B:57:98,Mini 400 G9,BEXHP0AWYDE0EK,FCMHH0CVADQKRW,CNK749031Y,CNK7490BSM,WHQRV0JGCM191A,8CJ7370MGS,,Onsite,5F PRODUCTION,5NPOD10A,,,,,Naga,PO007001,Bell Image,NAGDES0Q1P,#N/A,,,,,Deployed
8CC6140QFV,B8:87:88:1B:52:7C,Mini 400 G9,BEXHP0AWYDHGRF,FCMHH0CQWA2YBX,CN41412XTP,CN41412V5C,WHQRV0JGCM6C52,,,Onsite,5F PRODUCTION,5NPOD10B,,,,,Naga,PO007001,Bell Image,NAGDES0QFV,#N/A,,,,,Deployed
8CC6140Q2R,B8:87:88:1B:57:26,Mini 400 G9,BEXHP0AWYDHH72,FCMHH0CQWA1VJK,CNK7490BSD,CNK7490BG7,WHQRV0JGCM6BV2,8CJ7361M3T,,Onsite,5F PRODUCTION,5NPOD10C,,,,,Naga,PO007001,Bell Image,NAGDES0Q2R,#N/A,,,,,Deployed
8CC6140Q0R,B8:87:88:1B:57:60,Mini 400 G9,BEXHP0AWYDHH6I,FCMHH0CQWEEHWF,CN41382JGN,CN41382JLQ,WHQRV0JGCM18WX,,,Onsite,5F PRODUCTION,5NPOD10D,,,,,Naga,PO007001,Bell Image,NAGDES0Q0R,#N/A,,,,,Deployed
8CC6140QJC,B8:87:88:1B:55:C3,Mini 400 G9,BEXHP0BTJE80MB,FKTFR0AQWK3SM2,CNK74924DJ,CNK74924DT,WHQRV0JGCM6DJB,8CJ7361FNW,,Onsite,5F PRODUCTION,5NPOD10E,,,,,Naga,PO007001,Bell Image,NAGDES0QJC,#N/A,,,,,Deployed
8CC6140PX9,B8:87:88:1B:57:66,Mini 400 G9,BEXHP0AWYDE0DM,FCMHH0AKZE9732,CN41412YD0,CN41412Y9S,WHQRV0JGCM11P7,,,Onsite,5F PRODUCTION,5NPOD10F,,,,,Naga,PO007001,Bell Image,NAGDES0PX9,#N/A,,,,,Deployed
8CC6140Q2K,B8:87:88:1B:57:33,Mini 400 G9,BEXHP0AWYDHH5N,No SN,CNK7490BGG,CNK74902ZF,WHQRV0JGCM6BX3,8CJ7361M2F,,Onsite,5F PRODUCTION,5NPOD10G,,,,,Naga,PO007001,Bell Image,NAGDES0Q2K,#N/A,,,,,Deployed
8CC5431CW8,AC:F4:66:B9:14:D6,Mini 400 G9,9CP539SDR5,FKTFR0AQWL0M1N,1H35170FTC,1H35170FTF,WHQRV0IGCKZQX7,,,onsite,5F PRODUCTION,5NPOD10 (right),,,,,,,,NAGDES1CW8,,,,,,
8CC6140Q9H,B8:87:88:1B:54:6F,Mini 400 G9,BEXHP0BTJDU0HO,No SN,CN41382JLD,CN41412XTH,WHQRV0JGCM121A,,,Onsite,5F PRODUCTION,5NPOD10H,,,,,Naga,PO007001,Bell Image,NAGDES0Q9H,#N/A,,,,,Deployed
8CC6140PS9,B8:87:88:1B:56:FB,Mini 400 G9,BEXHP0AWYDHH4U,FCMHH0CVADQL27,CNK7490CHQ,CNK74924G7,WHQRV0JGCM11VJ,8CJ7361FN0,,Onsite,5F PRODUCTION,5NPOD10I,,,,,Naga,PO007001,Bell Image,NAGDES0PS9,#N/A,,,,,Deployed
8CC6140QPF,B8:87:88:1B:57:59,Mini 400 G9,BEXHP0CUEDH54Y,9CT4370IYN,CN41412YC9,CN41412X8Z,WHQRV0JGCM11WU,,,Onsite,5F PRODUCTION,5NPOD10J,,,,,Naga,PO007001,Bell Image,NAGDES0QPF,#N/A,,,,,Deployed
8CC6140Q97,B8:87:88:1B:53:D6,Mini 400 G9,BEXHP0AWYDHH30,9CP14705TH,CNK74924F6,CNK74903JV,WHQRV0JGCM6DPF,8CJ7361M2D,,Onsite,5F PRODUCTION,5NPOD10K,,,,,Naga,PO007001,Bell Image,NAGDES0Q97,#N/A,,,,,Deployed
8CC6140R8S,B8:87:88:1B:51:E0,Mini 400 G9,BEXHP0CUEEG01O,,CN41412WPL,CN41412V11,WHQRV0JGCM11SA,,,Onsite,5F PRODUCTION,5NPOD10L,,,,,Naga,PO007001,Bell Image,NAGDES0R8S,#N/A,,,,,Deployed
8CC6140QN1,B8:87:88:1B:55:89,Mini 400 G9,BEXHP0AWYDHH4P,FCMHH0CQWDOCNK,CNK7490B9Y,CNK74903HY,WHQRV0JGCM18PU,8CJ7370MGT,,Onsite,5F PRODUCTION,5NPOD10M,,,,,Naga,PO007001,Bell Image,NAGDES0QN1,#N/A,,,,,Deployed
8CC6140PT8,B8:87:88:1B:55:EE,Mini 400 G9,BEXHP0AWYDE0C7,9CP3082WNP,CN41412XVJ,CN41412YCV,WHQRV0JGCM11PE,,,Onsite,5F PRODUCTION,5NPOD10N,,,,,Naga,PO007001,Bell Image,NAGDES0PT8,#N/A,,,,,Deployed
8CC44530P8,48:EA:62:29:A2:24,Mini 400 G9,BKSZU0CUEKR0EN,FCMHH0CQWDOCAM,CNK74924FG,CNK7490BFH,WKFBA0CDDK169W,8CJ7370MCP | 8CJ73704CX,,Onsite,5F PRODUCTION,5NPOD11,,,,,Naga,PO005657,Bell Image,NAGDES30P8,#N/A,,,,,Deployed
8CC6140QQ2,B8:87:88:1B:56:A7,Mini 400 G9,BEXHP0AWYDE0DU,FCMHH0CQWE5DA3,1H35170DCZ,1H35170DCG,WHQRV0JGCM18SI,,,Onsite,5F PRODUCTION,5NPOD11A,,,,,Naga,PO007001,Bell Image,NAGDES0QQ2,#N/A,,,,,Deployed
8CC6140RQ3,B8:87:88:1B:4D:C9,Mini 400 G9,BEXHP0CUEEG004,9CP3082X3B,1H35170C7F,1H35170DCC,WHQRV0JGCM190T,,,Onsite,5F PRODUCTION,5NPOD11B,,,,,Naga,PO007001,Bell Image,NAGDES0RQ3,#N/A,,,,,Deployed
8CC5122M58,24:FB:E3:C4:3D:F2,Mini 400 G9,BEXHP0BTJE906J,FCMHH0CVADQLHJ,CNK7490BGQ,CNK7490BFD,WHQRV0JGCM12DP,8CJ7490HCL,,Onsite,5F PRODUCTION,5NPOD11C,,,,,Naga,PO006020,Bell Image,NAGDES2M58,#N/A,,,,,Deployed
8CC6140PYF,B8:87:88:1B:56:26,Mini 400 G9,BEXHP0AWYDV08F,FCMHH0CQWDOCRQ,CNK749032B,CNK74207Y1,WHQRV0JGCM129K,8CJ7361FM4,,Onsite,5F PRODUCTION,5NPOD11D,,,,,Naga,PO007001,Bell Image,NAGDES0PYF,#N/A,,,,,Deployed
8CC6140QJ9,B8:87:88:1B:55:CA,Mini 400 G9,BKSZU0CUEKR1VJ,FCMHH0CQWDOCSK,CNK7490BG4,CNK7490BGV,WHQRV0JGCM6BVJ,8CJ7490HC5,,Onsite,5F PRODUCTION,5NPOD11E,,,,,Naga,PO007001,Bell Image,NAGDES0QJ9,#N/A,,,,,Deployed
8CC6140R50,B8:87:88:1B:51:D0,Mini 400 G9,BEXHP0AWYDHH00,FCMHH0CVADQLI5,CNK74200V8,CNK742014K,WHQRV0JGCM1254,8CJ64911QN,,Onsite,5F PRODUCTION,5NPOD11F,,,,,Naga,PO007001,Bell Image,NAGDES0R50,#N/A,,,,,Deployed
8CC6140R7T,B8:87:88:1B:51:FE,Mini 400 G9,BEXHP0AWYDHGY7,FCMHH0CQWFB4NM,CNK7490BGF,CNK7490CDD,WHQRV0JGCM11KV,8CJ7370NH7,,Onsite,5F PRODUCTION,5NPOD11G,,,,,Naga,PO007001,Bell Image,NAGDES0R7T,#N/A,,,,,Deployed
8CC5250YWZ,F8:ED:FC:DE:F1:2D,Mini 400 G9,9CT54107YK,9CP5371LWB,1H35170DFT,1H35170FTH,WHQRV0IGCKZQX0,,,Onsite,5F PRODUCTION,5NPOD11 (right),,,,,,,,NAGDES0YWZ,,,,,,
8CC5431CTK,AC:F4:66:B9:14:BC,Mini 400 G9,BKSZU0CUEKR045,9CP5340Y7Y,1H35170C7C,1H35170FTB,WHQRV0IGCKZ6P6,,,,5F PRODUCTION,5NPOD11 (left),,,,,,,,NAGDES1CTK,,,,,,
8CC6140Q0X,B8:87:88:1B:57:5F,Mini 400 G9,BEXHP0BTJE80KZ,9CT4370J2X,CN41412YCC,CN41382JKK,WHQRV0JGCM12E4,,,Onsite,5F PRODUCTION,5NPOD11H,,,,,Naga,PO007001,Bell Image,NAGDES0Q0X,#N/A,,,,,Deployed
8CC6140RLH,B8:87:88:1B:51:57,Mini 400 G9,BEXHP0AWYDHH6N,FCMHH0CQWFB4OH,1H35170C73,1H35170C7X,WHQRV0JGCM11KO,,,Onsite,5F PRODUCTION,5NPOD11I,,,,,Naga,PO007001,Bell Image,NAGDES0RLH,#N/A,,,,,Deployed
8CC6140Q1Y,B8:87:88:1B:57:94,Mini 400 G9,BEXHP0CUEDV0C2,FCMHH0AHDE81DP,CN41412YBX,CN41412Y9Z,WHQRV0JGCM658Y,,,Onsite,5F PRODUCTION,5NPOD11J,,,,,Naga,PO007001,Bell Image,NAGDES0Q1Y,#N/A,,,,,Deployed
8CC6140Q25,B8:87:88:1B:57:3E,Mini 400 G9,BKSZU0CUEKR1JJ,FCMHH0A67DOC9W,1H35170DBN,1H35170C71,WHQRV0JGCM18SJ,,,Onsite,5F PRODUCTION,5NPOD11K,,,,,Naga,PO007001,Bell Image,NAGDES0Q25,#N/A,,,,,Deployed
8CC6140Q88,B8:87:88:1B:54:FA,Mini 400 G9,BEXHP0B9HEA1GA,FKTFR0AWYK0IUN,CN41412YD6,CN41412YCW,WHQRV0JGCM6CAZ,,,Onsite,5F PRODUCTION,5NPOD11L,,,,,Naga,PO007001,Bell Image,NAGDES0Q88,#N/A,,,,,Deployed
8CC6140R7S,B8:87:88:1B:51:FC,Mini 400 G9,BEXHP0AWYDHGTP,FCMHH0CVADQL4D,1H35170CYV,1H35170C6R,WHQRV0JGCM1297,,,Onsite,5F PRODUCTION,5NPOD11M,,,,,Naga,PO007001,Bell Image,NAGDES0R7S,#N/A,,,,,Deployed
8CC6140R7K,B8:87:88:1B:50:C7,Mini 400 G9,BEXHP0AWYDW06G,FKTFR0AWYKH4I8,CN41412V00,CN41412V19,WHQRV0JGCM128Y,,,Onsite,5F PRODUCTION,5NPOD11N,,,,,Naga,PO007001,Bell Image,NAGDES0R7K,#N/A,,,,,Deployed
8CC44530SG,48:EA:62:29:A1:D4,Mini 400 G9,9CP246NV46,9CP14705V4,CNK7490BG0,CNK7490BGH,WKFBA0CDDK13CK,8CJ737038X | 8CJ7361FLD,,Onsite,5F PRODUCTION,5NPOD12,,,,,Naga,PO005657,Bell Image,NAGDES30SG,#N/A,,,,,Deployed
8CC6140QNY,B8:87:88:18:9B:B7,Mini 400 G9,BEXHP0CUEEG0DX,FCMHH0A67DOB9M,CNK74902W5,CNK7470RTZ,WHQRV0JGCM121R,8CJ7370NHQ,,Onsite,5F PRODUCTION,5NPOD12A,,,,,Naga,PO007001,Bell Image,NAGDES0QNY,#N/A,,,,,Deployed
8CC6140Q73,B8:87:88:1B:54:3B,Mini 400 G9,BEXHP0AWYDE0E3,FKTFR0AQWLSW7A,CNK742010Y,CNK742002V,WHQRV0JGCM11ZB,8CJ7370398,,Onsite,5F PRODUCTION,5NPOD12B,,,,,Naga,PO007001,Bell Image,NAGDES0Q73,#N/A,,,,,Deployed
8CC6140QL5,B8:87:88:18:9C:27,Mini 400 G9,BKSZU0CUEKR1FZ,FCMHH0CQWE5DNE,CNK74903FD,CNK7490BSX,WHQRV0JGCM6C8I,8CJ7370NJ2,,Onsite,5F PRODUCTION,5NPOD12C,,,,,Naga,PO007001,Bell Image,NAGDES0QL5,#N/A,,,,,Deployed
8CC6140Q1V,B8:87:88:1B:57:9B,Mini 400 G9,9CP246NV07,FCMHH0AKZDPQ2D,CNK742015L,CNK7490BFZ,WHQRV0JGCM6C8C,8CJ649133H,,Onsite,5F PRODUCTION,5NPOD12D,,,,,Naga,PO007001,Bell Image,NAGDES0Q1V,#N/A,,,,,Deployed
8CC6140QX4,B8:87:88:1B:52:DC,Mini 400 G9,BEXHP0AWYDHGS2,FCMHH0CVADQM5M,CNK80303VM,CNK7490BSJ,WHQRV0JGCM6DP1,8CJ7361FNJ,,Onsite,5F PRODUCTION,5NPOD12E,,,,,Naga,PO007001,Bell Image,NAGDES0QX4,#N/A,,,,,Deployed
8CC6140QT6,B8:87:88:1B:50:B6,Mini 400 G9,BEXHP0AWYDW0BJ,FCMHH0CQWDOCQE,CNK749043G,CNK7491D46,WHQRV0JGCM121P,8CJ7370NFV,,Onsite,5F PRODUCTION,5NPOD12F,,,,,Naga,PO007001,Bell Image,NAGDES0QT6,#N/A,,,,,Deployed
8CC6140PPZ,B8:87:88:1B:55:A7,Mini 400 G9,BEXHP0AWYDHGVX,FCMHH0CVADQL0Y,CNK7490BG8,CNK7490BBW,WHQRV0JGCM18VX,8CJ7361FNM,,Onsite,5F PRODUCTION,5NPOD12G,,,,,Naga,PO007001,Bell Image,NAGDES0PPZ,#N/A,,,,,Deployed
8CC4390X1Z,24:6A:0E:DD:AE:61,Mini 400 G9,9CP539SDNX,FKTFR0AQWL0M1Q,1H35170JD8,1H35170DBT,WKFBA0CARKP3YD,,,,5F PRODUCTION,5NPOD12 (left),,,,,,,,NAGDES0X1Z,,,,,,
8CC6140Q90,B8:87:88:1B:53:F2,Mini 400 G9,9CP226NKM6,No SN,1H36132TKY,1H36132TJ4,WHQRV0JGCM1296,,,Onsite,5F PRODUCTION,5NPOD12H,,,,,Naga,PO007001,Bell Image,NAGDES0Q90,#N/A,,,,,Deployed
8CC6140Q6V,B8:87:88:1B:54:EB,Mini 400 G9,BEXHP0AWYDHH17,9CT502020J,1H36132THC,1H36132TR5,WHQRV0JGCM6CCU,,,Onsite,5F PRODUCTION,5NPOD12I,,,,,Naga,PO007001,Bell Image,NAGDES0Q6V,#N/A,,,,,Deployed
8CC6140QJG,B8:87:88:1B:55:C1,Mini 400 G9,BEXHP0BTJDU0MS,FCMHH0CQWE5DJ1,1H36132TH2,1H36132TR9,WHQRV0JGCM6C4V,,,Onsite,5F PRODUCTION,5NPOD12J,,,,,Naga,PO007001,Bell Image,NAGDES0QJG,#N/A,,,,,Deployed
8CC6140RHR,B8:87:88:1B:50:F4,Mini 400 G9,BEXHP0AWYDHH1K,FCMHH0CVADQL0S,1H36132TQZ,1H36132TR2,WHQRV0JGCM6CC0,,,Onsite,5F PRODUCTION,5NPOD12K,,,,,Naga,PO007001,Bell Image,NAGDES0RHR,#N/A,,,,,Deployed
8CC6140RMB,B8:87:88:1B:53:1A,Mini 400 G9,BEXHP0AWYDW07H,FCMHH0CJPEC85N,CN41412V9T,CNK74924DH,WHQRV0JGCM6C8P,8CJ7490J0Q,,Onsite,5F PRODUCTION,5NPOD12L,,,,,Naga,PO007001,Bell Image,NAGDES0RMB,#N/A,,,,,Deployed
8CC6140R99,B8:87:88:1B:54:CC,Mini 400 G9,BEXHP0BTJE9082,FCMHH0CVADQM5R,1H36132TKR,1H36132TSY,WHQRV0JGCM6C8J,,,Onsite,5F PRODUCTION,5NPOD12M,,,,,Naga,PO007001,Bell Image,NAGDES0R99,#N/A,,,,,Deployed
8CC6140QTP,B8:87:88:1B:53:54,Mini 400 G9,BEXHP0AWYDHH6U,FCMHH0CVADQM29,1H36132TR3,1H36132TD2,WHQRV0JGCM1291,,,Onsite,5F PRODUCTION,5NPOD12N,,,,,Naga,PO007001,Bell Image,NAGDES0QTP,#N/A,,,,,Deployed
8CC44530MK,6C:0B:5E:84:7A:81,Mini 400 G9,9CP246NTWM,FCMHH0CQWDOCLC,3CM4112D8Z,CNK80303VD,WKFBA0CDDK138W,8CJ7490HPB,,Onsite,5F PRODUCTION,5NPOD13,,,,,Naga,PO005657,Bell Image,NAGDES30MK,#N/A,,,,,Deployed
8CC6140PX5,B8:87:88:1B:57:68,Mini 400 G9,9CP226NKR6,FCMHH0CQWDOCSD,1H36132THD,1H36132TT1,WHQRV0JGCM6CF9,,,Onsite,5F PRODUCTION,5NPOD13A,,,,,Naga,PO007001,Bell Image,NAGDES0PX5,#N/A,,,,,Deployed
8CC6140PWJ,B8:87:88:1B:57:78,Mini 400 G9,BEXHP0AWYDHH62,FCMHH0CQWDOCN5,1H36132TH6,1H36132TRR,WHQRV0JGCM6CBD,,,Onsite,5F PRODUCTION,5NPOD13B,,,,,Naga,PO007001,Bell Image,NAGDES0PWJ,#N/A,,,,,Deployed
8CC6140RB6,B8:87:88:1B:54:8E,Mini 400 G9,BEXHP0AWYDE0DH,FCMHH0CQWDOCSR,1H36132THV,1H36132TKG,WHQRV0JGCM6BWE,,,Onsite,5F PRODUCTION,5NPOD13C,,,,,Naga,PO007001,Bell Image,NAGDES0RB6,#N/A,,,,,Deployed
8CC6140QYZ,B8:87:88:1B:52:B7,Mini 400 G9,BEXHP0BTJDU0JE,FCMHH0CQWA67G2,1H36132TRF,1H36092ZNC,WHQRV0JGCM18XF,,,Onsite,5F PRODUCTION,5NPOD13D,,,,,Naga,PO007001,Bell Image,NAGDES0QYZ,#N/A,,,,,Deployed
8CC6140QF3,B8:87:88:1B:54:DB,Mini 400 G9,9CP142QD0P,FCMHH0CQWDOCSL,1H36132THF,1H36132TKN,WHQRV0JGCM621W,,,Onsite,5F PRODUCTION,5NPOD13E,,,,,Naga,PO007001,Bell Image,NAGDES0QF3,#N/A,,,,,Deployed
8CC6140QY4,B8:87:88:1B:53:C6,Mini 400 G9,BEXHP0BTJDU0P4,FKTFR0AQWLHDHJ,1H36132THJ,1H36132THR,WHQRV0JGCM6BWD,,,Onsite,5F PRODUCTION,5NPOD13F,,,,,Naga,PO007001,Bell Image,NAGDES0QY4,#N/A,,,,,Deployed
8CC6140RMX,B8:87:88:1B:51:AD,Mini 400 G9,BEXHP0AWYDE0CC,FCMHH0CQWDOCPS,1H36132TH8,1H36132TH0,WKFBA0CARKP799,,,Onsite,5F PRODUCTION,5NPOD13G,,,,,Naga,PO007001,Bell Image,NAGDES0RMX,#N/A,,,,,Deployed
8CC5122LYP,24:FB:E3:C5:77:BC,Mini 400 G9,9CP539SFGJ,FKTFR0AQWLHDGP,1H35170CYR,1H35170FTN,WHQRV0IGCKZQVF,,,Onsite,5F PRODUCTION,5NPOD13 (right),,,,,,,,NAGDES2LYP,,,,,,
8CC5122M56,24:FB:E3:C4:3D:E3,Mini 400 G9,9CP539SFH1,FKTFR0AJPLE07J,1H35170JDK,1H35170DD4,WKFBA0CARKP7AK,,,Onsite,5F PRODUCTION,5NPOD13 (left),,,,,,,,NAGDES2M56,,,,,,
8CC6140QD7,B8:87:88:1B:51:28,Mini 400 G9,BEXHP0AWYDE04H,FCMHH0CVADQL4N,CNK7420038,CNK8030469,WHQRV0JGCM18SH,8CJ73704G5,,Onsite,5F PRODUCTION,5NPOD13H,,,,,Naga,PO007001,Bell Image,NAGDES0QD7,#N/A,,,,,Deployed
8CC6140R98,B8:87:88:1B:54:CD,Mini 400 G9,BEXHP0AWYDHH70,FCMHH0CQWEEZ2Q,CNK74903FM,CNK80303H5,WHQRV0JGCM1261,8CJ7370MHH,,Onsite,5F PRODUCTION,5NPOD13I,,,,,Naga,PO007001,Bell Image,NAGDES0R98,#N/A,,,,,Deployed
8CC6140PZK,B8:87:88:1B:56:1A,Mini 400 G9,9CP226NKLV,FCMHH0CQWDOCSY,CNK7490BC5,CNK74208JW,WHQRV0JGCM6CB9,8CJ64911Q9,,Onsite,5F PRODUCTION,5NPOD13J,,,,,Naga,PO007001,Bell Image,NAGDES0PZK,#N/A,,,,,Deployed
8CC6140QT7,B8:87:88:1B:50:B7,Mini 400 G9,BEXHP0AWYDE06E,9CP3082WQ5,CNK7490CDL,CNK7490BBM,WHQRV0JGCM11SH,8CJ7370MZ3,,Onsite,5F PRODUCTION,5NPOD13K,,,,,Naga,PO007001,Bell Image,NAGDES0QT7,#N/A,,,,,Deployed
8CC6140Q77,B8:87:88:1B:55:2C,Mini 400 G9,BEXHP0BTJDU0PC,FCMHH0CQWFB6GS,CNK74924KX,CNK74207NJ,WHQRV0JGCM6DPK,8CJ7490HYY,,Onsite,5F PRODUCTION,5NPOD13L,,,,,Naga,PO007001,Bell Image,NAGDES0Q77,#N/A,,,,,Deployed
8CC6140QRW,B8:87:88:1B:50:7C,Mini 400 G9,BEXHP0AWYDE0D6,FCMHH0CVADQKZW,CNK74902VN,CNK74902XW,WHQRV0JGCM6DPP,8CJ7370MKL,,Onsite,5F PRODUCTION,5NPOD13M,,,,,Naga,PO007001,Bell Image,NAGDES0QRW,#N/A,,,,,Deployed
8CC6140RPQ,B8:87:88:1B:51:2D,Mini 400 G9,BEXHP0CUEDQ5E5,FCMHH0CJPECBBZ,CNK80303YS,CNK74924D9,WHQRV0JGCM6CBN,8CJ716017Y,,Onsite,5F PRODUCTION,5NPOD13N,,,,,Naga,PO007001,Bell Image,NAGDES0RPQ,#N/A,,,,,Deployed
8CC44530J2,48:EA:62:29:A1:A1,Mini 400 G9,BKSZU0DTJKREU5,FKTFR0AQWLSV71,3CM4112CLP,CNK74903FN,WKFBA0CCXK1MZV,8CJ7370387,,Onsite,5F PRODUCTION,5NPOD14,,,,,Naga,PO005657,Bell Image,NAGDES30J2,#N/A,,,,,Deployed
8CC6140Q19,B8:87:88:1B:55:8D,Mini 400 G9,BEXHP0AWYDHH0B,FCMHH0CQWDOCG4,1H36132TGQ,1H36092ZNM,WHQRV0JGCM6CEI,,,Onsite,5F PRODUCTION,5NPOD14A,,,,,Naga,PO007001,Bell Image,NAGDES0Q19,#N/A,,,,,Deployed
8CC6140PPQ,B8:87:88:1B:55:B1,Mini 400 G9,BEXHP0AWYDE0BJ,FCMHH0CJPECBP8,1H36132TMF,1H36092ZNN,WHQRV0JGCM6CCO,,,Onsite,5F PRODUCTION,5NPOD14B,,,,,Naga,PO007001,Bell Image,NAGDES0PPQ,#N/A,,,,,Deployed
8CC6140PPG,B8:87:88:1B:55:3C,Mini 400 G9,BEXHP0AWYDHH0C,FCMHH0CQWDOCHW,1H36132TSM,1H36132SV5,WHQRV0JGCM6CFI,,,Onsite,5F PRODUCTION,5NPOD14C,,,,,Naga,PO007001,Bell Image,NAGDES0PPG,#N/A,,,,,Deployed
8CC6140RCY,B8:87:88:1B:52:33,Mini 400 G9,BEXHP0AWYDHGW2,FCMHH0CQWFB6FU,1H36132TS4,1H36132T9H,WHQRV0JGCM18NM,,,Onsite,5F PRODUCTION,5NPOD14D,,,,,Naga,PO007001,Bell Image,NAGDES0RCY,#N/A,,,,,Deployed
8CC6140Q0C,B8:87:88:1B:56:95,Mini 400 G9,BEXHP0AWYDHGUK,FCMHH0CVADQL33,1H36132TT0,1H36132TM7,WHQRV0JGCM11RI,,,Onsite,5F PRODUCTION,5NPOD14E,,,,,Naga,PO007001,Bell Image,NAGDES0Q0C,#N/A,,,,,Deployed
8CC6140QS3,B8:87:88:1B:50:77,Mini 400 G9,9CP226NKS5,9CT50204FU,CNK3220PS6,CNK3220Q3G,WHQRV0JGCM11KZ,,,Onsite,5F PRODUCTION,5NPOD14F,,,,,Naga,PO007001,Bell Image,NAGDES0QS3,#N/A,,,,,Deployed
8CC6140R6M,B8:87:88:1B:53:6A,Mini 400 G9,BEXHP0AWYDV0CN,FCMHH0CQWDOCMP,1H36092ZNJ,1H36132T3M,WHQRV0JGCM1295,,,Onsite,5F PRODUCTION,5NPOD14G,,,,,Naga,PO007001,Bell Image,NAGDES0R6M,#N/A,,,,,Deployed
8CC5250YX2,F8:ED:FC:DE:F1:2C,Mini 400 G9,9CP539SDRC,FKTFR0AQWL0M2E,1H35170JD0,1H35170JJH,WHQRV0IGCKZ70E,,,Onsite,5F PRODUCTION,5NPOD14 (right),,,,,,,,NAGDES0YX2,,,,,,
8CC5250YWN,F8:ED:FC:DE:F0:B6,Mini 400 G9,9CT5410812,9CT5270GDY,1H35170JDF,1H35170FTV,WHQRV0IGCKZR2B,,,Onsite,5F PRODUCTION,5NPOD14 (left),,,,,,,,NAGDES0YWN,,,,,,
8CC6140PXJ,B8:87:88:1B:56:85,Mini 400 G9,BEXHP0CUEEG01N,FCMHH0CQWFB5P9,CNK7420807,CNK7490BS7,WHQRV0JGCM6C51,8CJ73704CP,,Onsite,5F PRODUCTION,5NPOD14H,,,,,Naga,PO007001,Bell Image,NAGDES0PXJ,#N/A,,,,,Deployed
8CC5122LVS,24:FB:E3:C5:76:9D,Mini 400 G9,BEXHP0AWYDHH4I,FCMHH0CQWDOCMQ,CNK74902VB,CNK80304D8,WHQRV0JGCM622E,8CJ7370NJ1,,Onsite,5F PRODUCTION,5NPOD14I,,,,,Naga,PO006020,Bell Image,NAGDES2LVS,#N/A,,,,,Deployed
8CC6140QCJ,B8:87:88:1B:55:37,Mini 400 G9,BEXHP0AWYDHH31,FCMHH0CQWE5DD5,CNK742003D,CNK742002Y,WHQRV0JGCM6BVT,8CJ7361FNP,,Onsite,5F PRODUCTION,5NPOD14J,,,,,Naga,PO007001,Bell Image,NAGDES0QCJ,#N/A,,,,,Deployed
8CC6140Q13,B8:87:88:1B:55:77,Mini 400 G9,BEXHP0AWYDHGVR,FCMHH0CQWDOCAF,CNK7490BFX,CNK74903FP,WHQRV0JGCM11Y4,8CJ7370NG4,,Onsite,5F PRODUCTION,5NPOD14K,,,,,Naga,PO007001,Bell Image,NAGDES0Q13,#N/A,,,,,Deployed
8CC6140QNR,B8:87:88:18:9B:BA,Mini 400 G9,BEXHP0BTJE907N,FCMHH0CQWA67ET,CNK74200B6,CNK80303HN,WHQRV0JGCM1233,8CJ7370N01,,Onsite,5F PRODUCTION,5NPOD14L,,,,,Naga,PO007001,Bell Image,NAGDES0QNR,#N/A,,,,,Deployed
8CC6140RGF,B8:87:88:1B:53:0F,Mini 400 G9,BEXHP0AWYDHGZM,FCMHH0CVADQLLR,CNK80304CH,CNK7490BS0,WHQRV0JGCM6CCY,8CJ7370NHL,,Onsite,5F PRODUCTION,5NPOD14M,,,,,Naga,PO007001,Bell Image,NAGDES0RGF,#N/A,,,,,Deployed
8CC5122N3M,24:FB:E3:C5:77:22,Mini 400 G9,BEXHP0CUEED1IH,FKTFR0AQWLSW9I,CNK74200BF,CNK7490BT4,WHQRV0JGCM128E,8CJ64911RD,,Onsite,5F PRODUCTION,5NPOD14N,,,,,Naga,PO006020,Bell Image,NAGDES2N3M,#N/A,,,,,Deployed
8CC44530PH,48:EA:62:29:A2:46,Mini 400 G9,9CP246NTWY,FCMHH0CQWE5D5J,3CM4112FL5,CNK80303YT,WKFBA0CDDK13L3,8CJ7490HC1,,Onsite,5F PRODUCTION,5NPOD15,,,,,Naga,PO005657,Bell Image,NAGDES30PH,#N/A,,,,,Deployed
8CC6140Q0J,B8:87:88:1B:56:91,Mini 400 G9,BKSZU0CUEM24Z0,FCMHH0CVADQLHE,1H36092ZNP,CNK80303QL,WHQRV0JGCM12DA,8CJ7490HRQ,,Onsite,5F PRODUCTION,5NPOD15A,,,,,Naga,PO007001,Bell Image,NAGDES0Q0J,#N/A,,,,,Deployed
8CC6140RGS,B8:87:88:1B:52:E6,Mini 400 G9,BEXHP0AWYDE08H,FKTFR0AQWK3SMP,CN41412WN2,CN41412V0V,WHQRV0JGCM18PS,,,Onsite,5F PRODUCTION,5NPOD15B,,,,,Naga,PO007001,Bell Image,NAGDES0RGS,#N/A,,,,,Deployed
8CC6140R36,B8:87:88:1B:52:24,Mini 400 G9,BEXHP0AWYDHGU7,FKTFR0AQWK3SL2,1H36092ZN2,CNK7490BBL,WHQRV0JGCM11KK,8CJ7490HQ7,,Onsite,5F PRODUCTION,5NPOD15C,,,,,Naga,PO007001,Bell Image,NAGDES0R36,#N/A,,,,,Deployed
8CC6140QP1,B8:87:88:18:9B:AC,Mini 400 G9,BEXHP0AWYDW0B0,FCMHH0CVADQL0P,CN41412YFW,CN41412VC1,WHQRV0JGCM12D4,,,Onsite,5F PRODUCTION,5NPOD15D,,,,,Naga,PO007001,Bell Image,NAGDES0QP1,#N/A,,,,,Deployed
8CC6140QX6,B8:87:88:1B:52:DF,Mini 400 G9,BEXHP0AWYDHH6B,FCMHH0CVADQLH9,CNK7490BB9,CNK80303TX,WHQRV0JGCM6CEQ,8CJ7490HR6,,Onsite,5F PRODUCTION,5NPOD15E,,,,,Naga,PO007001,Bell Image,NAGDES0QX6,#N/A,,,,,Deployed
8CC6140R43,B8:87:88:1B:52:06,Mini 400 G9,BEXHP0BTJFU0EM,9CP147061D,CNK3220Q3V,CNK3220PWK,WHQRV0JGCM18N3,8CJ7160195,,Onsite,5F PRODUCTION,5NPOD15F,,,,,Naga,PO007001,Bell Image,NAGDES0R43,#N/A,,,,,Deployed
8CC6140Q62,B8:87:88:1B:53:C1,Mini 400 G9,BEXHP0AWYDE059,FCMHH0CQWDOCST,1H36132TH7,CNK80303Z6,WHQRV0JGCM18MV,8CJ7490HCK,,Onsite,5F PRODUCTION,5NPOD15G,,,,,Naga,PO007001,Bell Image,NAGDES0Q62,#N/A,,,,,Deployed
8CC5250YVZ,F8:ED:FC:DE:F0:03,Mini 400 G9,9CT54107YJ,FKTFR0AQWL0MLU,1H35170DDB,1H35170FSX,WKFBA0CDDLH3MG,,,Onsite,5F PRODUCTION,5NPOD15 (left),,,,,,,,NAGDES0YVZ,,,,,,
8CC6140Q28,B8:87:88:1B:57:3A,Mini 400 G9,BEXHP0AWYDW02X,FCMHH0AKZFW86S,1H36132TGF,CNK3220Q3C,WHQRV0JGCM11QM,8CJ64911S8,,Onsite,5F PRODUCTION,5NPOD15H,,,,,Naga,PO007001,Bell Image,NAGDES0Q28,#N/A,,,,,Deployed
8CC6140PNH,B8:87:88:1B:55:E2,Mini 400 G9,BKSZU0CUEKR0DK,FCMHH0CVADQJ71,1H36092ZND,CNK7490BF8,WHQRV0JGCM6C7Z,8CJ7370MGB,,Onsite,5F PRODUCTION,5NPOD15I,,,,,Naga,PO007001,Bell Image,NAGDES0PNH,#N/A,,,,,Deployed
8CC6140R97,B8:87:88:1B:51:E2,Mini 400 G9,BEXHP0AWYDW083,No SN,CNK3220Q3Q,CNK3220PTQ,WHQRV0JGCM6BUM,8CJ7370NJ8,,Onsite,5F PRODUCTION,5NPOD15J,,,,,Naga,PO007001,Bell Image,NAGDES0R97,#N/A,,,,,Deployed
8CC6140QML,B8:87:88:18:9C:2C,Mini 400 G9,BEXHP0BTJDU0KY,FCMHH0CQWDOCPO,1H36132TRB,CNK7490BGX,WHQRV0JGCM190V,8CJ7370MGJ,,Onsite,5F PRODUCTION,5NPOD15K,,,,,Naga,PO007001,Bell Image,NAGDES0QML,#N/A,,,,,Deployed
8CC6140PMR,B8:87:88:1B:55:4C,Mini 400 G9,BEXHP0AWYDW07L,FCMHH0CQWA67T2,1H36092ZNQ,CNK749032Z,WHQRV0JGCM621R,8CJ7370NH9,,Onsite,5F PRODUCTION,5NPOD15L,,,,,Naga,PO007001,Bell Image,NAGDES0PMR,#N/A,,,,,Deployed
8CC6140QLK,B8:87:88:18:9B:8F,Mini 400 G9,BEXHP0AWYDHGTH,FCMHH0CVADQL25,1H36132TRH,CNK7490BRT,WHQRV0JGCM1200,8CJ7370NH5,,Onsite,5F PRODUCTION,5NPOD15M,,,,,Naga,PO007001,Bell Image,NAGDES0QLK,#N/A,,,,,Deployed
8CC6140QCF,B8:87:88:1B:55:1B,Mini 400 G9,9CP226NKMY,FCMHH0AKZE97J1,1H36132TJ0,CNK742002Z,WHQRV0JGCM6CHT,8CJ7490J13,,Onsite,5F PRODUCTION,5NPOD15N,,,,,Naga,PO007001,Bell Image,NAGDES0QCF,#N/A,,,,,Deployed
8CC44530GB,48:EA:62:29:A2:AD,Mini 400 G9,BKSZU0CUEKR1HK,FKTFR0AQWLSWZC,3CM4112BJ9,CNK7490BSV,WKFBA0CDDK13IF,8CJ7370NHJ,,Onsite,5F PRODUCTION,5NPOD16,,,,,Naga,PO005657,Bell Image,NAGDES30GB,#N/A,,,,,Deployed
8CC6140Q8K,B8:87:88:1B:55:0F,Mini 400 G9,BEXHP0BTJDU0PA,FCMHH0AKZDQSKR,CNK74200YD,CN41412VCX,WHQRV0JGCM6CFX,,,Onsite,5F PRODUCTION,5NPOD16A,,,,,Naga,PO007001,Bell Image,NAGDES0Q8K,#N/A,,,,,Deployed
8CC6140R1C,B8:87:88:1B:4D:F0,Mini 400 G9,BEXHP0AWYEG1EH,FCMHH0CQWDOCHX,CN41412WNY,CN41412YBB,WHQRV0JGCM123U,,,Onsite,5F PRODUCTION,5NPOD16B,,,,,Naga,PO007001,Bell Image,NAGDES0R1C,#N/A,,,,,Deployed
8CC6140QNP,B8:87:88:18:9C:07,Mini 400 G9,9CP226NKKQ,FCMHH0CVADQM7I,CNK74902YH,CNK7490BBB,WHQRV0JGCM12C3,8CJ7370FTJ,,Onsite,5F PRODUCTION,5NPOD16C,,,,,Naga,PO007001,Bell Image,NAGDES0QNP,#N/A,,,,,Deployed
8CC6140Q2C,B8:87:88:1B:57:34,Mini 400 G9,BEXHP0AWYDE0BU,FCMHH0CQWDOCMW,CN41412XV1,CN41412VCN,WHQRV0JGCM127X,,,Onsite,5F PRODUCTION,5NPOD16D,,,,,Naga,PO007001,Bell Image,NAGDES0Q2C,#N/A,,,,,Deployed
8CC6140PYT,B8:87:88:1B:57:BB,Mini 400 G9,BEXHP0BTJE617C,9CP4103M1T,CNK7490BW1,CNK7490BBD,WHQRV0JGCM18WP,8CJ7160198,,Onsite,5F PRODUCTION,5NPOD16E,,,,,Naga,PO007001,Bell Image,NAGDES0PYT,#N/A,,,,,Deployed
8CC6140QMC,B8:87:88:1B:4D:E1,Mini 400 G9,BEXHP0BTJDU0ML,FCMHH0AKZDPQ2N,CN41412V0G,CN41412XRX,WHQRV0JGCM6CCB,,,Onsite,5F PRODUCTION,5NPOD16F,,,,,Naga,PO007001,Bell Image,NAGDES0QMC,#N/A,,,,,Deployed
8CC6140RJ0,B8:87:88:1B:50:2E,Mini 400 G9,BEXHP0BTJDU0SW,No SN,CNK7470RTW,CNK74903ST,WHQRV0JGCM18RV,8CJ649133G,,Onsite,5F PRODUCTION,5NPOD16G,,,,,Naga,PO007001,Bell Image,NAGDES0RJ0,#N/A,,,,,Deployed
8CC5250YX1,F8:ED:FC:DE:F1:30,Mini 400 G9,9CP539SF7M,FKTFR0AQWL0M1L,1H35170FVJ,1H35170FT5,WHQRV0IGCKZ6P7,,,Onsite,5F PRODUCTION,5NPOD16 (right),,,,,,,,NAGDES0YX1,,,,,,
8CC6140QG9,B8:87:88:1B:52:6A,Mini 400 G9,BEXHP0AWYDW03Z,FKTFR0AQWL0LNP,CN41412YHK,CN41412V9Y,WHQRV0JGCM120Z,,,Onsite,5F PRODUCTION,5NPOD16H,,,,,Naga,PO007001,Bell Image,NAGDES0QG9,#N/A,,,,,Deployed
8CC6140Q7T,B8:87:88:1B:55:25,Mini 400 G9,9CP226NKQ5,FCMHH0A67D0C83,CNK74902Y3,CNK7490338,WHQRV0JGCM18WK,,,Onsite,5F PRODUCTION,5NPOD16I,,,,,Naga,PO007001,Bell Image,NAGDES0Q7T,#N/A,,,,,Deployed
8CC6140Q8B,B8:87:88:1B:4D:A9,Mini 400 G9,BEXHP0BTJDU128,FCMHH0CQWE3LK0,CNK742007Z,CN41412Y5Z,WHQRV0JGCM6CJC,,,Onsite,5F PRODUCTION,5NPOD16J,,,,,Naga,PO007001,Bell Image,NAGDES0Q8B,#N/A,,,,,Deployed
8CC6140QG7,B8:87:88:1B:52:65,Mini 400 G9,BEXHP0CUEEE09K,FCMHH0AKZDQSJQ,CNK80303HY,CNK74200P5,WHQRV0JGCM6BV4,,,Onsite,5F PRODUCTION,5NPOD16K,,,,,Naga,PO007001,Bell Image,NAGDES0QG7,#N/A,,,,,Deployed
8CC6140RD7,B8:87:88:1B:51:8E,Mini 400 G9,BEXHP0AWYDHGTJ,FCMHH0CQWFB6G3,CNK7470RVX,CNK74903FG,WHQRV0JGCM129O,,,Onsite,5F PRODUCTION,5NPOD16L,,,,,Naga,PO007001,Bell Image,NAGDES0RD7,#N/A,,,,,Deployed
8CC6140R7B,B8:87:88:1B:50:CA,Mini 400 G9,BEXHP0CUEDH2S0,FCMHH0CQWDOCGJ,CNK74902Y9,CNK7490BBS,WHQRV0JGCM194Z,,,Onsite,5F PRODUCTION,5NPOD16M,,,,,Naga,PO007001,Bell Image,NAGDES0R7B,#N/A,,,,,Deployed
8CC6140PJG,B8:87:88:1B:56:53,Mini 400 G9,BEXHP0AWYDHH0J,FCMHH0CQWED6U0,CN41412VCJ,CN41412YHH,WHQRV0JGCM129B,,,Onsite,5F PRODUCTION,5NPOD16N,,,,,Naga,PO007001,Bell Image,NAGDES0PJG,#N/A,,,,,Deployed
8CC44530G7,48:EA:62:29:A2:B0,Mini 400 G9,BKSZU0CUEM228M,9CP3082WPM,3CM4112FWG,3CM3461K8W,WKFBA0CDDK13FV,,,Onsite,5F PRODUCTION,5NPOD17,,,,,Naga,PO005657,Bell Image,NAGDES30G7,#N/A,,,,,Deployed
8CC6140RMJ,B8:87:88:1B:51:B3,Mini 400 G9,BEXHP0AWYDHGU5,9CP4360GKP,1H36132TK4,CNK742007P,WHQRV0JGCM193X,8CJ73704FF,,Onsite,5F PRODUCTION,5NPOD17A,,,,,Naga,PO007001,Bell Image,NAGDES0RMJ,#N/A,,,,,Deployed
8CC6140PT9,B8:87:88:1B:55:F2,Mini 400 G9,BEXHP0AWYDHH2A,FCMHH0A67DOC8Z,1H36092ZNS,CNK74207ZS,WHQRV0JGCM18VZ,8CJ7490HZV,,Onsite,5F PRODUCTION,5NPOD17B,,,,,Naga,PO007001,Bell Image,NAGDES0PT9,#N/A,,,,,Deployed
8CC6140QGD,B8:87:88:1B:52:67,Mini 400 G9,BEXHP0CUEDU09Q,FCMHH0AKZDQSIR,1H36092ZNF,CNK74200C4,WHQRV0JGCM18X6,8CJ7370MYR,,Onsite,5F PRODUCTION,5NPOD17C,,,,,Naga,PO007001,Bell Image,NAGDES0QGD,#N/A,,,,,Deployed
8CC6140PNZ,B8:87:88:1B:56:05,Mini 400 G9,BEXHP0AWYDHGUC,9CP147060V,1H36132TS8,CNK74200T6,WHQRV0JGCM6CH2,8CJ7370MHC,,Onsite,5F PRODUCTION,5NPOD17D,,,,,Naga,PO007001,Bell Image,NAGDES0PNZ,#N/A,,,,,Deployed
8CC6140QKB,B8:87:88:1B:55:6C,Mini 400 G9,BEXHP0CUEDU0HU,FCMHH0CVADQLI3,1H36132TKP,CNK74208GL,WHQRV0JGCM18QB,8CJ7370MGC,,Onsite,5F PRODUCTION,5NPOD17E,,,,,Naga,PO007001,Bell Image,NAGDES0QKB,#N/A,,,,,Deployed
8CC6140Q5Z,B8:87:88:1B:53:B7,Mini 400 G9,BEXHP0BTJDU0QH,FKTFR0AQWLSV6V,1CR2320LD8,1CR2320LB6,WHQRV0JGCM6C99,,,Onsite,5F PRODUCTION,5NPOD17F,,,,,Naga,PO007001,Bell Image,NAGDES0Q5Z,#N/A,,,,,Deployed
8CC6140QXS,B8:87:88:1B:53:CF,Mini 400 G9,BEXHP0CUEDH2RX,FCMHH0CQWDOCNN,1CR2320LBQ,1CR2320LWM,WHQRV0JGCM123P,,,Onsite,5F PRODUCTION,5NPOD17G,,,,,Naga,PO007001,Bell Image,NAGDES0QXS,#N/A,,,,,Deployed
8CC5250YWG,F8:ED:FC:DE:F0:BB,Mini 400 G9,9CP539SDQS,F9CP5371MPY,1H35170CY3,1H35170DD0,WHQRV0IGCKZQUL,,,Onsite,5F PRODUCTION,5NPOD17 (right),,,,,,,,NAGDES0YWG,,,,,,
8CC5250YWW,F8:ED:FC:DE:F0:B0,Mini 400 G9,9CP539SDNT,9CT5270GAV,1H35170FV4,1H35170JJ9,WHQRV0IGCKZILQ,,,Onsite,5F PRODUCTION,5NPOD17 (left),,,,,,,,NAGDES0YWW,,,,,,
8CC6140PM8,B8:87:88:1B:55:5A,Mini 400 G9,BEXHP0BTJFU12K,FCMHH0CVADQLBP,1CR2320LWH,1CR2320LWG,WHQRV0JGCM12D1,8CJ7490HCQ,,Onsite,5F PRODUCTION,5NPOD17H,,,,,Naga,PO007001,Bell Image,NAGDES0PM8,#N/A,,,,,Deployed
8CC6140R96,B8:87:88:1B:4E:20,Mini 400 G9,BEXHP0AWYDHH40,FCMHH0CQWDOCFS,1CR2320LBR,1CR2320LBM,WHQRV0JGCM6DJM,8CJ73704FH,,Onsite,5F PRODUCTION,5NPOD17I,,,,,Naga,PO007001,Bell Image,NAGDES0R96,#N/A,,,,,Deployed
8CC6140Q5S,B8:87:88:1B:4E:0E,Mini 400 G9,9CP142QD6T,FCMHH0CQWA67GR,1CR2320LBZ,1CR2320LTK,WHQRV0JGCM12FC,8CJ7361FC5,,Onsite,5F PRODUCTION,5NPOD17J,,,,,Naga,PO007001,Bell Image,NAGDES0Q5S,#N/A,,,,,Deployed
8CC6140RB5,B8:87:88:1B:54:8C,Mini 400 G9,BEXHP0AWYAV36U,9CP3082WPS,1CR2320LB7,1CR2320LCN,WHQRV0JGCM18XN,8CJ7370MYS,,Onsite,5F PRODUCTION,5NPOD17K,,,,,Naga,PO007001,Bell Image,NAGDES0RB5,#N/A,,,,,Deployed
8CC6140RRR,B8:87:88:1B:50:4D,Mini 400 G9,BEXHP0AWYE90FY,FCMHH0CJPECBQ7,CN41412WMZ,CN41412VCY,WHQRV0JGCM11PM,8CJ7490HTQ,,Onsite,5F PRODUCTION,5NPOD17L,,,,,Naga,PO007001,Bell Image,NAGDES0RRR,#N/A,,,,,Deployed
8CC6140Q17,B8:87:88:1B:57:A4,Mini 400 G9,9CP142QDBL,FCMHH0CQWDOCN0,CN41412YBT,CN41412YCY,WHQRV0JGCM11U4,8CJ73704F4,,Onsite,5F PRODUCTION,5NPOD17M,,,,,Naga,PO007001,Bell Image,NAGDES0Q17,#N/A,,,,,Deployed
8CC6140PNL,B8:87:88:1B:55:D9,Mini 400 G9,BEXHP0AWYDW034,9CP5192V8F,1CR2320LC7,1CR2320LCG,WHQRV0JGCM18Y9,8CJ7370NG2,,Onsite,5F PRODUCTION,5NPOD17N,,,,,Naga,PO007001,Bell Image,NAGDES0PNL,#N/A,,,,,Deployed
8CC44530GN,6C:0B:5E:84:BD:BD,Mini 400 G9,BEXHP0BTJDU0OO,FCMHH0A67D0BQ7,3CM4112DX7,3CM4112DVS,WKFBA0CDDK138U,,,Onsite,5F PRODUCTION,5NPOD18,,,,,Naga,PO005657,Bell Image,NAGDES30GN,#N/A,,,,,Deployed
8CC6140QXT,B8:87:88:1B:53:CD,Mini 400 G9,BEXHP0AWYDHGRA,9CP14705V3,1H36092ZNG,CNK80303Z8,WHQRV0JGCM12CB,8CJ7370MXH,,Onsite,5F PRODUCTION,5NPOD18A,,,,,Naga,PO007001,Bell Image,NAGDES0QXT,#N/A,,,,,Deployed
8CC6140Q4F,B8:87:88:1B:50:28,Mini 400 G9,BEXHP0AWYE904T,FCMHH0CQWDOCND,1H36132TRT,CNK74208H5,WHQRV0JGCM6CGQ,8CJ7361FKB,,Onsite,5F PRODUCTION,5NPOD18B,,,,,Naga,PO007001,Bell Image,NAGDES0Q4F,#N/A,,,,,Deployed
8CC6140PMX,B8:87:88:1B:55:4A,Mini 400 G9,BEXHP0AWYDHH53,FCMHH0CQWA67SY,1H36132TKB,CNK7490BB0,WHQRV0JGCM6DP6,8CJ7370MZ9,,Onsite,5F PRODUCTION,5NPOD18C,,,,,Naga,PO007001,Bell Image,NAGDES0PMX,#N/A,,,,,Deployed
8CC6140QMX,B8:87:88:1B:55:8A,Mini 400 G9,9CP149N8BL,No SN,CN41412YH0,CNK74207VK,WHQRV0JGCM11QI,8CJ73704G1,,Onsite,5F PRODUCTION,5NPOD18D,,,,,Naga,PO007001,Bell Image,NAGDES0QMX,#N/A,,,,,Deployed
8CC6140Q18,B8:87:88:1B:57:A5,Mini 400 G9,BEXHP0CUEDU0D5,FCMHH0AKZDQSL5,1H36132TRP,CNK7490BSG,WHQRV0JGCM12CN,8CJ7370MJK,,Onsite,5F PRODUCTION,5NPOD18E,,,,,Naga,PO007001,Bell Image,NAGDES0Q18,#N/A,,,,,Deployed
8CC6140QY3,B8:87:88:1B:53:C7,Mini 400 G9,BEXHP0BTJDU0RR,FCMHH0A67DO9R9,CN41412V1M,CNK74200JS,WHQRV0JGCM11M4,8CJ7490HP8,,Onsite,5F PRODUCTION,5NPOD18F,,,,,Naga,PO007001,Bell Image,NAGDES0QY3,#N/A,,,,,Deployed
8CC6140RJP,B8:87:88:1B:51:17,Mini 400 G9,BEXHP0AWYDHGUO,9CP3082WBV,1H36132TKJ,CNK7490BTB,WHQRV0JGCM6CC9,8CJ7370MXF,,Onsite,5F PRODUCTION,5NPOD18G,,,,,Naga,PO007001,Bell Image,NAGDES0RJP,#N/A,,,,,Deployed
8CC5431CW4,AC:F4:66:B9:14:DA,Mini 400 G9,9CT52505ZC,9CP5340Y7X,1H35170JF7,1H35170FT7,WHQRV0IGCKZQRT,,,Onsite,5F PRODUCTION,5NPOD18 (right),,,,,,,,NAGDES1CW4,,,,,,
8CC5250YWY,F8:ED:FC:DE:F0:A4,Mini 400 G9,9CT525060Z,FKTFR0AQWL0L2S,1H35170JDS,1H35170BR2,WHQRV0IGCKZR5N,,,Onsite,5F PRODUCTION,5NPOD18 (left),,,,,,,,NAGDES0YWY,,,,,,
8CC6140PKZ,B8:87:88:1B:56:58,Mini 400 G9,BEXHP0BTJDU0NZ,FCMHH0CQWFB4NK,1H36132THW,1CR2320LWF,WHQRV0JGCM6CEJ,,,Onsite,5F PRODUCTION,5NPOD18H,,,,,Naga,PO007001,Bell Image,NAGDES0PKZ,#N/A,,,,,Deployed
8CC6140Q22,B8:87:88:1B:57:3D,Mini 400 G9,9CP226NKM9,FCMHH0AKZDQSKJ,1H36132TRK,CNK7470RTY,WHQRV0JGCM12EY,8CJ7370MZF,,Onsite,5F PRODUCTION,5NPOD18I,,,,,Naga,PO007001,Bell Image,NAGDES0Q22,#N/A,,,,,Deployed
8CC6140PX1,B8:87:88:1B:4D:A6,Mini 400 G9,BEXHP0AWYDW0BQ,FCMHH0CQWE5D7M,1H36132TK2,CNK74207VW,WHQRV0JGCM6CFB,8CJ73704G2,,Onsite,5F PRODUCTION,5NPOD18J,,,,,Naga,PO007001,Bell Image,NAGDES0PX1,#N/A,,,,,Deployed
8CC6140Q5Q,B8:87:88:1B:4E:0D,Mini 400 G9,BEXHP0AWYDHGXS,FCMHH0CVADQKZZ,1H36132TGF,CNK74903H8,WHQRV0JGCM6CD6,8CJ7370NHY,,Onsite,5F PRODUCTION,5NPOD18K,,,,,Naga,PO007001,Bell Image,NAGDES0Q5Q,#N/A,,,,,Deployed
8CC6140QF6,B8:87:88:1B:54:D8,Mini 400 G9,BEXHP0CUEDU0DC,9CT5020153,1CR2320LC0,1CR2320LD3,WHQRV0JGCM11SD,,,Onsite,5F PRODUCTION,5NPOD18L,,,,,Naga,PO007001,Bell Image,NAGDES0QF6,#N/A,,,,,Deployed
8CC6140QL6,B8:87:88:18:9C:0D,Mini 400 G9,BKSZU0CUEK5895,FCMHH0CVADQM7P,1H36132T1V,CNK80303V6,WHQRV0JGCM18Q5,8CJ7370MZB,,Onsite,5F PRODUCTION,5NPOD18M,,,,,Naga,PO007001,Bell Image,NAGDES0QL6,#N/A,,,,,Deployed
8CC6140QR8,B8:87:88:1B:50:7E,Mini 400 G9,BEXHP0AWYDHH43,FCMHH0CQWDOCN9,1CR2320LC3,1CR2320LTG,WHQRV0JGCM6CAJ,,,Onsite,5F PRODUCTION,5NPOD18N,,,,,Naga,PO007001,Bell Image,NAGDES0QR8,#N/A,,,,,Deployed
8CC44530DL,6C:0B:5E:84:BD:C6,Mini 400 G9,BEXHP0BTJDU0LA,9CT4370IYQ,3CM4112CPX,3CM3461JLB,WKFBA0CDDK13FX,,,Onsite,5F PRODUCTION,5NPOD19,,,,,Naga,PO005657,Bell Image,NAGDES30DL,#N/A,,,,,Deployed
8CC6140RRM,B8:87:88:1B:50:55,Mini 400 G9,BEXHP0BTJDU0OZ,FCMHH0CVADQLAX,CNK7470RTV,CNK803048D,WHQRV0JGCM11SC,8CJ7370MYT,,Onsite,5F PRODUCTION,5NPOD19A,,,,,Naga,PO007001,Bell Image,NAGDES0RRM,#N/A,,,,,Deployed
8CC6140Q16,B8:87:88:1B:53:FE,Mini 400 G9,BEXHP0AWYDHGVM,FCMHH0CQWE5DN2,CNK74200K3,CNK742000H,WHQRV0JGCM12CZ,8CJ7370M8C,,Onsite,5F PRODUCTION,5NPOD19B,,,,,Naga,PO007001,Bell Image,NAGDES0Q16,#N/A,,,,,Deployed
8CC6140PKD,B8:87:88:1B:56:79,Mini 400 G9,BEXHP0CUEDU0N1,FCMHH0CQWDOCCE,CNK74208RB,CNK80303SN,WHQRV0JGCM11L5,8CJ7490HTS,,Onsite,5F PRODUCTION,5NPOD19C,,,,,Naga,PO007001,Bell Image,NAGDES0PKD,#N/A,,,,,Deployed
8CC6140QXH,B8:87:88:1B:54:43,Mini 400 G9,BEXHP0BTJE617M,No serial number,CNK74200K2,CNK74200Q1,WHQRV0JGCM129J,8CJ7361FLQ,,Onsite,5F PRODUCTION,5NPOD19D,,,,,Naga,PO007001,Bell Image,NAGDES0QXH,#N/A,,,,,Deployed
8CC5122LYC,24:FB:E3:C5:77:C5,Mini 400 G9,BEXHP0AWYDHH0O,FCMHH0CVADQL14,CNK74903SJ,CNK80303YV,WHQRV0JGCM12C2,8CJ7490HNR,,Onsite,5F PRODUCTION,5NPOD19E,,,,,Naga,PO006020,Bell Image,NAGDES2LYC,#N/A,,,,,Deployed
8CC6140Q0S,B8:87:88:1B:57:67,Mini 400 G9,9CP142QD0F,FCMHH0CQWDOCT2,CNK8030413,CNK74200NM,WHQRV0JGCM1219,8CJ7361FN7,,Onsite,5F PRODUCTION,5NPOD19F,,,,,Naga,PO007001,Bell Image,NAGDES0Q0S,#N/A,,,,,Deployed
8CC6140PZN,B8:87:88:1B:56:15,Mini 400 G9,BEXHP0AWYDE0D9,FCMHH0CQWDOCSA,CNK7490BRY,CNK80304R3,WHQRV0JGCM18VK,8CJ7490J5H,,Onsite,5F PRODUCTION,5NPOD19G,,,,,Naga,PO007001,Bell Image,NAGDES0PZN,#N/A,,,,,Deployed
8CC5250YWR,F8:ED:FC:DE:F0:B4,Mini 400 G9,BKSZU0AWYL45V5,FKTFR0AQWL0M4B,1H35170JD4,1H35170JF0,WKFBA0CDDLHNRR,,,Onsite,5F PRODUCTION,5NPOD19 (right),,,,,,,,NAGDES0YWR,,,,,,
8CC6140QKP,B8:87:88:1B:55:92,Mini 400 G9,BEXHP0AWYDHH5S,FCMHH0CQWFB55J,CNK74207M7,CNK7490BFM,WHQRV0JGCM124K,8CJ737036N,,Onsite,5F PRODUCTION,5NPOD19H,,,,,Naga,PO007001,Bell Image,NAGDES0QKP,#N/A,,,,,Deployed
8CC6140QFY,B8:87:88:1B:52:77,Mini 400 G9,BEXHP0BTJDU0NQ,FCMHH0CQWEEHDH,CNK7470SSV,CNK74924DM,WHQRV0JGCM6CFJ,8CJ7490HQK,,Onsite,5F PRODUCTION,5NPOD19I,,,,,Naga,PO007001,Bell Image,NAGDES0QFY,#N/A,,,,,Deployed
8CC6140RGP,B8:87:88:1B:53:09,Mini 400 G9,BEXHP0CUEDU0HK,FCMHH0CQWE5D3U,CNK7420002,CNK80303TY,WHQRV0JGCM6CEV,8CJ7490H9V,,Onsite,5F PRODUCTION,5NPOD19J,,,,,Naga,PO007001,Bell Image,NAGDES0RGP,#N/A,,,,,Deployed
8CC6140QC4,B8:87:88:1B:54:37,Mini 400 G9,BEXHP0BTJDU0NE,FCMHH0CQWDOCOO,CNK80303YY,CNK7470STF,WHQRV0JGCM6C8N,8CJ7490HBY,,Onsite,5F PRODUCTION,5NPOD19K,,,,,Naga,PO007001,Bell Image,NAGDES0QC4,#N/A,,,,,Deployed
8CC6140R58,B8:87:88:1B:51:C2,Mini 400 G9,BEXHP0AWYDHH0H,FCMHH0CQWEEZ8R,CNK742017P,CNK7491D3R,WHQRV0JGCM18O4,8CJ7370MXM,,Onsite,5F PRODUCTION,5NPOD19L,,,,,Naga,PO007001,Bell Image,NAGDES0R58,#N/A,,,,,Deployed
8CC6140RGX,B8:87:88:1B:52:C6,Mini 400 G9,BEXHP0AWYDHH3X,FCMHH0CQWDOCGZ,CNK7470ST8,CNK8030485,WHQRV0JGCM11VP,8CJ7370MH3,,Onsite,5F PRODUCTION,5NPOD19M,,,,,Naga,PO007001,Bell Image,NAGDES0RGX,#N/A,,,,,Deployed
8CC6140QZM,B8:87:88:1B:52:94,Mini 400 G9,BEXHP0AWYDHH0S,9CT50202A7,CN41412YPH,CN41412YGS,WHQRV0JGCM12C4,,,Onsite,5F PRODUCTION,5NPOD19N,,,,,Naga,PO007001,Bell Image,NAGDES0QZM,#N/A,,,,,Deployed
8CC44530TR,48:EA:62:29:A2:67,Mini 400 G9,BEXHP0BTJE616Z,FKTFR0AQWK3SFO,3CM3461K2Q,CNK80304CK,WKFBA0CCXK1MZT,8CJ7370MJN,,Onsite,5F PRODUCTION,5NPOD20,,,,,Naga,PO005657,Bell Image,NAGDES30TR,#N/A,,,,,Deployed
8CC5122LY9,24:FB:E3:C5:77:C7,Mini 400 G9,BKSZU0CUEKR065,FKTFR0AQWK3SES,CNK7470SSS,CNK80304CP,WHQRV0JGCM190X,8CJ7370MJP,,Onsite,5F PRODUCTION,5NPOD20A,,,,,Naga,PO006020,Bell Image,NAGDES2LY9,#N/A,,,,,Deployed
8CC6140PHT,B8:87:88:1B:57:44,Mini 400 G9,BEXHP0AWYDHGWF,FCMHH0A67D0B0W,CNK7490BSK,CNK74208RP,WHQRV0JGCM6CHN,8CJ7490HC4,,Onsite,5F PRODUCTION,5NPOD20B,,,,,Naga,PO007001,Bell Image,NAGDES0PHT,#N/A,,,,,Deployed
8CC6140QMV,B8:87:88:1B:55:8E,Mini 400 G9,BEXHP0AWYDV0CM,FCMHH0CQWDOCLW,CNK749043C,CNK80303YN,WHQRV0JGCM6C4L,8CJ7361FLV,,Onsite,5F PRODUCTION,5NPOD20C,,,,,Naga,PO007001,Bell Image,NAGDES0QMV,#N/A,,,,,Deployed
8CC6140R63,B8:87:88:1B:50:D7,Mini 400 G9,BEXHP0AWYDE07M,FCMHH0A67D0CBT,CNK7490BV1,CNK74924CC,WKFBA0CARKP78U,8CJ7370MYV,,Onsite,5F PRODUCTION,5NPOD20D,,,,,Naga,PO007001,Bell Image,NAGDES0R63,#N/A,,,,,Deployed
8CC6140Q7K,B8:87:88:1B:55:2F,Mini 400 G9,BKSZU0CUEKR1SP,FCMHH0CVADQM6L,1H36132THG,CNK80304FR,WHQRV0JGCM6CEL,8CJ7361FM8,,Onsite,5F PRODUCTION,5NPOD20E,,,,,Naga,PO007001,Bell Image,NAGDES0Q7K,#N/A,,,,,Deployed
8CC6140QYL,B8:87:88:1B:52:C9,Mini 400 G9,9CP226NKMF,FCMHH0CQWEEHVC,1H36132TSB,CNK749031S,WHQRV0JGCM18Q1,8CJ7490HCM,,Onsite,5F PRODUCTION,5NPOD20F,,,,,Naga,PO007001,Bell Image,NAGDES0QYL,#N/A,,,,,Deployed
8CC6140RRZ,B8:87:88:1B:50:46,Mini 400 G9,BEXHP0BTJDU0X8,FCMHH0AKZDQSJT,1H36132T3K,CNK80303YJ,WHQRV0JGCM18WQ,8CJ7361FM3,,Onsite,5F PRODUCTION,5NPOD20G,,,,,Naga,PO007001,Bell Image,NAGDES0RRZ,#N/A,,,,,Deployed
8CC6140QYC,B8:87:88:1B:52:D3,Mini 400 G9,BEXHP0BTJDU0LZ,No Serial,CN41412YHJ,CN41412V9Q,WHQRV0JGCM69HE,8CJ7361FMY,,Onsite,5F PRODUCTION,5NPOD20H,,,,,Naga,PO007001,Bell Image,NAGDES0QYC,#N/A,,,,,Deployed
8CC6140R8L,B8:87:88:1B:51:E6,Mini 400 G9,BEXHP0AWYDE06J,9CT4370IZO,1H36132TSD,CNK7470STD,WHQRV0JGCM6C7Y,8CJ7370MK0,,Onsite,5F PRODUCTION,5NPOD20I,,,,,Naga,PO007001,Bell Image,NAGDES0R8L,#N/A,,,,,Deployed
8CC6140Q0L,B8:87:88:1B:56:8C,Mini 400 G9,BEXHP0BTJDU0KR,FKTFR0AWYKH4MD,CN41412VD8,CN41412YHT,WHQRV0JGCM6BWY,,,Onsite,5F PRODUCTION,5NPOD20J,,,,,Naga,PO007001,Bell Image,NAGDES0Q0L,#N/A,,,,,Deployed
8CC6140QJ2,B8:87:88:1B:55:C4,Mini 400 G9,9CP226NKMM,9CP3082X32,1H36132TSN,CNK7490B9W,WHQRV0JGCM12DT,8CJ7370MZL,,Onsite,5F PRODUCTION,5NPOD20K,,,,,Naga,PO007001,Bell Image,NAGDES0QJ2,#N/A,,,,,Deployed
8CC6140RBR,B8:87:88:18:9C:80,Mini 400 G9,BEXHP0AWYDW04M,FCMHH0CVADQLZL,CN41412VBF,CN41412V2B,WHQRV0JGCM6CAP,,,Onsite,5F PRODUCTION,5NPOD20L,,,,,Naga,PO007001,Bell Image,NAGDES0RBR,#N/A,,,,,Deployed
8CC6140QMY,B8:87:88:1B:55:8B,Mini 400 G9,BEXHP0AWYDV0AW,FCMHH0CVADQJCY,1H36132TKH,CNK80303HP,WHQRV0JGCM18XR,8CJ7370MJW,,Onsite,5F PRODUCTION,5NPOD20M,,,,,Naga,PO007001,Bell Image,NAGDES0QMY,#N/A,,,,,Deployed
8CC6140RBV,B8:87:88:18:9B:44,Mini 400 G9,BKSZU0CUEK50U9,FCMHH0CQWE5DB6,CN41412VC0,CN41412YGB,WHQRV0JGCM12BV,,,Onsite,5F PRODUCTION,5NPOD20N,,,,,Naga,PO007001,Bell Image,NAGDES0RBV,#N/A,,,,,Deployed
8CC44530HY,6C:0B:5E:84:BD:FB,Mini 400 G9,9CP226NKKG,9CP14705TF,3CM4112CPW,CNK80303HT,WKFBA0CDDK1397,8CJ7370MBN,,Onsite,5F PRODUCTION,5NPOD21,,,,,Naga,PO005657,Bell Image,NAGDES30HY,#N/A,,,,,Deployed
8CC6140PHL,B8:87:88:1B:57:4E,Mini 400 G9,BEXHP0CUEEG006,FCMNN0AKZDQSJ0,1H36132TKM,CNK74208SC,WHQRV0JGCM191N,8CJ64911RG,,Onsite,5F PRODUCTION,5NPOD21A,,,,,Naga,PO007001,Bell Image,NAGDES0PHL,#N/A,,,,,Deployed
8CC6140RKH,B8:87:88:1B:53:32,Mini 400 G9,BEXHP0CUEDV0C0,FCMHH0CVADQLJ7,1H36132TM6,CNK80303YP,WHQRV0JGCM11SB,8CJ7361FLH,,Onsite,5F PRODUCTION,5NPOD21B,,,,,Naga,PO007001,Bell Image,NAGDES0RKH,#N/A,,,,,Deployed
8CC6140QND,B8:87:88:18:9C:16,Mini 400 G9,BEXHP0CUEEG05Q,FCMHH0CQWEEHWE,1H36132TSR,CNK74902WD,WHQRV0JGCM128S,8CJ7361FKS,,Onsite,5F PRODUCTION,5NPOD21C,,,,,Naga,PO007001,Bell Image,NAGDES0QND,#N/A,,,,,Deployed
8CC6140QG3,B8:87:88:1B:52:69,Mini 400 G9,BEXHP0AWYE90D4,No SN,1H36132THY,CNK80303SH,WHQRV0JGCM18WS,8CJ7361FK9,,Onsite,5F PRODUCTION,5NPOD21D,,,,,Naga,PO007001,Bell Image,NAGDES0QG3,#N/A,,,,,Deployed
8CC6140QFW,B8:87:88:1B:52:6E,Mini 400 G9,BEXHP0AWYDE065,FCMHH0CQWE5DMK,1H36132TS7,CNK7420153,WHQRV0JGCM12CA,8CJ7370MYY,,Onsite,5F PRODUCTION,5NPOD21E,,,,,Naga,PO007001,Bell Image,NAGDES0QFW,#N/A,,,,,Deployed
8CC6140QRY,B8:87:88:1B:50:7D,Mini 400 G9,BEXHP0BTJDU0SD,FCMHH0CJPECBAY,1H36132THT,CNK80304FX,WHQRV0JGCM6CCV,8CJ7490HCF,,Onsite,5F PRODUCTION,5NPOD21F,,,,,Naga,PO007001,Bell Image,NAGDES0QRY,#N/A,,,,,Deployed
8CC6140R3R,B8:87:88:1B:52:1E,Mini 400 G9,BEXHP0AWYDHGY8,FCMHH0CQWE5D3A,1H36132TBM,CNK74207NQ,WHQRV0JGCM124Z,8CJ7361FD9,,Onsite,5F PRODUCTION,5NPOD21G,,,,,Naga,PO007001,Bell Image,NAGDES0R3R,#N/A,,,,,Deployed
8CC5250YWL,F8:ED:FC:DE:F0:B8,Mini 400 G9,9CT52505VS,FKTFR0AQWL0MLO,1H35170JJG,1H35170JD3,WHQRV0IGCKZIMW,,,Onsite,5F PRODUCTION,5NPOD21 (right),,,,,,,,NAGDES0YWL,,,,,,
8CC5250YW0,F8:ED:FC:DE:F0:69,Mini 400 G9,9CT52505V5,FKTFR0AQWL0MNS,1H35170JD1,1H35170FT1,WHQRV0IGCKZQX2,,,Onsite,5F PRODUCTION,5NPOD21 (left),,,,,,,,NAGDES0YW0,,,,,,
8CC6140QMQ,B8:87:88:18:9C:22,Mini 400 G9,BEXHP0AWYDE068,FCMHH0CQWDOCQN,1H36132T7D,CNK80303SL,WHQRV0JGCM6C8F,8CJ7370MB6,,Onsite,5F PRODUCTION,5NPOD21H,,,,,Naga,PO007001,Bell Image,NAGDES0QMQ,#N/A,,,,,Deployed
8CC6140QLN,B8:87:88:18:9B:EE,Mini 400 G9,BEXHP0BTJE907H,FCMHH0CJPECBB1,1H36132TJB,CNK742016X,WHQRV0JGCM6DIU,8CJ716019Z,,Onsite,5F PRODUCTION,5NPOD21I,,,,,Naga,PO007001,Bell Image,NAGDES0QLN,#N/A,,,,,Deployed
8CC6140QGK,B8:87:88:1B:52:62,Mini 400 G9,BEXHP0AWYDHGVZ,FCMHH0CVADQL22,1H36132TH1,CNK803048C,WHQRV0JGCM191B,8CJ7370MZM,,Onsite,5F PRODUCTION,5NPOD21J,,,,,Naga,PO007001,Bell Image,NAGDES0QGK,#N/A,,,,,Deployed
8CC6140QG5,B8:87:88:1B:52:6C,Mini 400 G9,BEXHP0BTJDU12L,FKTFR0AWYK0IV7,1H36132TS2,CNK74208SH,WHQRV0JGCM191L,8CJ7370MH2,,Onsite,5F PRODUCTION,5NPOD21K,,,,,Naga,PO007001,Bell Image,NAGDES0QG5,#N/A,,,,,Deployed
8CC6140R8V,B8:87:88:1B:53:75,Mini 400 G9,BEXHP0AWYDHH5H,FCMHH0CVADQM0I,1H36132TJC,CNK74207ZW,WHQRV0JGCM18PX,8CJ7490HV9,,Onsite,5F PRODUCTION,5NPOD21L,,,,,Naga,PO007001,Bell Image,NAGDES0R8V,#N/A,,,,,Deployed
8CC44530MY,6C:0B:5E:84:BD:EC,Mini 400 G9,BEXHP0AWYDHGSJ,9CP50607KZ,3CM3461KDS,CNK80304QY,WKFBA0CDDK13QV,8CJ7361FL0,,Onsite,5F PRODUCTION,5NPOD22,,,,,Naga,PO005657,Bell Image,NAGDES30MY,#N/A,,,,,Deployed
8CC6140PH0,B8:87:88:1B:56:CF,Mini 400 G9,BEXHP0AWYDW0F8,No SN,1H36132T3H,CNK74200TX,WHQRV0JGCM12CJ,8CJ7361FLX,,Onsite,5F PRODUCTION,5NPOD22A,,,,,Naga,PO007001,Bell Image,NAGDES0PH0,#N/A,,,,,Deployed
8CC6140R8F,B8:87:88:1B:51:DE,Mini 400 G9,BEXHP0BTJDU0K0,FCMHH0CQWDOCNO,1H36132TS9,CNK8030415,WHQRV0JGCM11S7,7CJ7490J4X,,Onsite,5F PRODUCTION,5NPOD22B,,,,,Naga,PO007001,Bell Image,NAGDES0R8F,#N/A,,,,,Deployed
8CC6140Q72,B8:87:88:1B:54:3E,Mini 400 G9,BEXHP0BTJE6162,SN unreadable,1H36132TRX,CNK7420185,WHQRV0JGCM18QJ,8CJ7361FMW | 8VJ7490HPR,,Onsite,5F PRODUCTION,5NPOD22C,,,,,Naga,PO007001,Bell Image,NAGDES0Q72,#N/A,,,,,Deployed
8CC6140R84,B8:87:88:1B:51:F2,Mini 400 G9,BEXHP0BTJDU0ND,FCMHH0CQWDOCCB,1H36132TPQ,CNK7490BV4,WHQRV0JGCM11QS,8CJ7490HRM,,Onsite,5F PRODUCTION,5NPOD22D,,,,,Naga,PO007001,Bell Image,NAGDES0R84,#N/A,,,,,Deployed
8CC6140Q0M,B8:87:88:1B:56:8D,Mini 400 G9,BEXHP0CUEDU0KQ,9CP3082WC0,1H36132TJG,CNK749030W,WHQRV0JGCM6BWT,8CJ716018N,,Onsite,5F PRODUCTION,5NPOD22E,,,,,Naga,PO007001,Bell Image,NAGDES0Q0M,#N/A,,,,,Deployed
8CC6140RKN,B8:87:88:1B:53:2E,Mini 400 G9,BEXHP0AWYDHH0N,9CT502026F,1H36132TRY,CNK7490324,WHQRV0JGCM12CF,8CJ7490HP9,,Onsite,5F PRODUCTION,5NPOD22F,,,,,Naga,PO007001,Bell Image,NAGDES0RKN,#N/A,,,,,Deployed
8CC6140QNZ,B8:87:88:18:9B:B5,Mini 400 G9,BEXHP0AWYDE04J,9CP3082X49,1H36132TJ9,CNK742018X,WHQRV0JGCM193S,8CJ7370N02,,Onsite,5F PRODUCTION,5NPOD22G,,,,,Naga,PO007001,Bell Image,NAGDES0QNZ,#N/A,,,,,Deployed
8CC6140R5S,B8:87:88:1B:50:DD,Mini 400 G9,BEXHP0AWYDE066,FCMHH0CVADQLC6,1H36132TJ2,CNK74924D6,WHQRV0JGCM1241,8CJ7361FLL,,Onsite,5F PRODUCTION,5NPOD22H,,,,,Naga,PO007001,Bell Image,NAGDES0R5S,#N/A,,,,,Deployed
8CC6140R55,B8:87:88:1B:51:C3,Mini 400 G9,BEXHP0AWYDHGZL,FCMHH0CQWE5DLB,1H36132THS,CNK74200BQ,WHQRV0JGCM194F,8CJ73704DT,,Onsite,5F PRODUCTION,5NPOD22I,,,,,Naga,PO007001,Bell Image,NAGDES0R55,#N/A,,,,,Deployed
8CC6140PP7,B8:87:88:1B:55:3E,Mini 400 G9,BEXHP0AWYDW01F,9CP4103M94,1H36132TRN,CNK8030412,WHQRV0JGCM121M,8CJ7490HTC,,Onsite,5F PRODUCTION,5NPOD22J,,,,,Naga,PO007001,Bell Image,NAGDES0PP7,#N/A,,,,,Deployed
8CC6140QH1,B8:87:88:1B:53:FA,Mini 400 G9,BEXHP0BTJDU14N,No SN,1H36132TJK,CNK74200VQ,WHQRV0JGCM1298,8CJ64911QP,,Onsite,5F PRODUCTION,5NPOD22K,,,,,Naga,PO007001,Bell Image,NAGDES0QH1,#N/A,,,,,Deployed
8CC6140Q0V,B8:87:88:1B:57:5C,Mini 400 G9,BEXHP0AWYDHH6T,FCMHH0CQWDOCB4,1H36132TKT,CNK80304CQ,WHQRV0JGCM6CIF,8CJ7490HT7,,Onsite,5F PRODUCTION,5NPOD22L,,,,,Naga,PO007001,Bell Image,NAGDES0Q0V,#N/A,,,,,Deployed
8CC6140RB3,B8:87:88:1B:54:97,Mini 400 G9,BEXHP0AWYDU020,FCMHH0CJPECBOI,1H36132TSF,CNK74924D2,WHQRV0JGCM18WG,8CJ64911QY,,Onsite,5F PRODUCTION,5NPOD22M,,,,,Naga,PO007001,Bell Image,NAGDES0RB3,#N/A,,,,,Deployed
8CC6140PYN,B8:87:88:1B:57:BC,Mini 400 G9,BEXHP0BTJDU0PB,FCMHH0CQWE5DC3,1H36132TJ3,CNK80303HR,WHQRV0JGCM6CB1,8CJ7361FKW,,Onsite,5F PRODUCTION,5NPOD22N,,,,,Naga,PO007001,Bell Image,NAGDES0PYN,#N/A,,,,,Deployed
8CC44530L7,48:EA:62:29:A3:E8,Mini 400 G9,BKSZU0CUEKR0D5,FCMHH0CQWDOCQI,3CM4112FT3,CNK80304FD,WKFBA0CDDK169F,8CJ7361FM9,,Onsite,5F PRODUCTION,5NPOD23,,,,,Naga,PO005657,Bell Image,NAGDES30L7,#N/A,,,,,Deployed
8CC6140QLC,B8:87:88:18:9B:94,Mini 400 G9,BKSZU0CUEKR127,FCMHH0CQWDOCQ2,CNK74200PB,CNK74200VJ,WHQRV0JGCM18N1,8CJ71602KS,,Onsite,5F PRODUCTION,5NPOD23A,,,,,Naga,PO007001,Bell Image,NAGDES0QLC,#N/A,,,,,Deployed
8CC6140RP9,B8:87:88:1B:51:3C,Mini 400 G9,BEXHP0CUEDU0DK,FCMHH0CQWDOCPD,CNK7490BSL,CNK8030483,WHQRV0JGCM18X2,8CJ7361FLM,,Onsite,5F PRODUCTION,5NPOD23B,,,,,Naga,PO007001,Bell Image,NAGDES0RP9,#N/A,,,,,Deployed
8CC6140RLR,B8:87:88:1B:52:2F,Mini 400 G9,BEXHP0AWYDHH6D,9CP4301ND6,CNK74208KB,CNK74208SB,WHQRV0JGCM6C85,8CJ7370NHP,,Onsite,5F PRODUCTION,5NPOD23C,,,,,Naga,PO007001,Bell Image,NAGDES0RLR,#N/A,,,,,Deployed
8CC6140PL2,B8:87:88:1B:56:C1,Mini 400 G9,BEXHP0AWYDE08N,FCMHH0CWA67EQ,CNK7490BDP,CNK80303SF,WHQRV0JGCM12BT,8CJ7361FN2,,Onsite,5F PRODUCTION,5NPOD23D,,,,,Naga,PO007001,Bell Image,NAGDES0PL2,#N/A,,,,,Deployed
8CC6140PZ6,B8:87:88:1B:57:AD,Mini 400 G9,BEXHP0AWYDW07J,FCMHH0AKZDQSK7,CNK7491D3Z,CNK74903F2,WHQRV0JGCM11SF,8CJ7490HBL,,Onsite,5F PRODUCTION,5NPOD23E,,,,,Naga,PO007001,Bell Image,NAGDES0PZ6,#N/A,,,,,Deployed
8CC5122LVP,24:FB:E3:C5:76:9A,Mini 400 G9,BEXHP0AWYDE0CN,FCMHH0CQWDOCL8,CNK74903F4,CNK80304CT,WHQRV0JGCM6BX2,8CJ7361FNQ,,Onsite,5F PRODUCTION,5NPOD23F,,,,,Naga,PO006020,Bell Image,NAGDES2LVP,#N/A,,,,,Deployed
8CC6140QQT,B8:87:88:1B:50:93,Mini 400 G9,BEXHP0AWYDHH4G,FCMHH0CVADQL05,CNK7490CDH,CNK7420008,WHQRV0JGCM6221,8CJ7370MZC,,Onsite,5F PRODUCTION,5NPOD23G,,,,,Naga,PO007001,Bell Image,NAGDES0QQT,#N/A,,,,,Deployed
8CC6140QHZ,B8:87:88:18:9D:45,Mini 400 G9,BEXHP0CUEDU0HJ,FCMHH0CQWDOCML,CNK80304CN,CNK74902TX,WHQRV0JGCM6BVR,8CJ7361FNK,,Onsite,5F PRODUCTION,5NPOD23H,,,,,Naga,PO007001,Bell Image,NAGDES0QHZ,#N/A,,,,,Deployed
8CC6140PZS,B8:87:88:1B:56:13,Mini 400 G9,BEXHP0CUEDU0AI,FCMHH0AKZDQSKU,CNK80304D4,CNK74200C5,WHQRV0JGCM6CBI,8CJ7370MGQ,,Onsite,5F PRODUCTION,5NPOD23I,,,,,Naga,PO007001,Bell Image,NAGDES0PZS,#N/A,,,,,Deployed
8CC6140RMD,B8:87:88:1B:53:19,Mini 400 G9,BEXHP0AWYDHH5L,FCMHH0CVADQL52,CNK7490BS1,CNK749032M,WHQRV0JGCM6CCT,8CJ7361FML,,Onsite,5F PRODUCTION,5NPOD23J,,,,,Naga,PO007001,Bell Image,NAGDES0RMD,#N/A,,,,,Deployed
8CC6140R9Y,B8:87:88:1B:54:AA,Mini 400 G9,BEXHP0AWYDHGYR,FCMHH0CQWDOCFL,CNK74903QN,CNK742085G,WHQRV0JGCM18QD,8CJ7490HRZ,,Onsite,5F PRODUCTION,5NPOD23K,,,,,Naga,PO007001,Bell Image,NAGDES0R9Y,#N/A,,,,,Deployed
8CC6140QZK,B8:87:88:1B:52:97,Mini 400 G9,BEXHP0AWYDHGSY,FCMHH0CQWDOCLE,CNK7490BV2,CNK749031T,WHQRV0JGCM18NP,8CJ7361FM5,,Onsite,5F PRODUCTION,5NPOD23L,,,,,Naga,PO007001,Bell Image,NAGDES0QZK,#N/A,,,,,Deployed
8CC6140PNB,B8:87:88:1B:55:D1,Mini 400 G9,BEXHP0AWYDHH1P,FCMHH0CJPECBO3,CNK74208CW,CNK74207QZ,WHQRV0JGCM190Z,8CJ7361FC8,,Onsite,5F PRODUCTION,5NPOD23M,,,,,Naga,PO007001,Bell Image,NAGDES0PNB,#N/A,,,,,Deployed
8CC6140R06,B8:87:88:1B:52:84,Mini 400 G9,BEXHP0AWYDHGXE,FCMHH0CQWDOCGR,CNK7490BGS,CNK80303HM,WHQRV0JGCM6CEU,8CJ7361FMH,,Onsite,5F PRODUCTION,5NPOD23N,,,,,Naga,PO007001,Bell Image,NAGDES0R06,#N/A,,,,,Deployed
8CC44530GZ,6C:0B:5E:84:BD:33,Mini 400 G9,BEXHP0CUEDV048,FCMHH0CQWDOCRY,3CM3461JQ0,CNK80304QR,WKFBA0CDDK13QX,8CJ7490HPW,,Onsite,5F PRODUCTION,5NPOD24,,,,,Naga,PO005657,Bell Image,NAGDES30GZ,#N/A,,,,,Deployed
8CC44530GJ,48:EA:62:29:A2:A5,Mini 400 G9,9CT43603MG,9CP3082WC6,CNK74207V4,CNK74924FK,WKFBA0CDDK12ZH,8CJ7490HRX | 8CJ7490HZ7,,Onsite,5F PRODUCTION,5NPOD24A,,,,,Naga,PO005657,Bell Image,NAGDES30GJ,#N/A,,,,,Deployed
8CC44413ML,6C:0B:5E:7A:E2:BE,Mini 400 G9,9CP246NTT,FKTFR0AQWLSVFM,CNK74902Y1,CNK80303S6,WKFBA0CDDK130Y,8CJ7490HTR | 8CJ7370MGR,,Onsite,5F PRODUCTION,5NPOD24B,,,,,Naga,PO005639,Bell Image,NAGDES13ML,#N/A,,,,,Deployed
8CC44413MQ,6C:0B:5E:7A:E2:B8,Mini 400 G9,BEXHP0BTJFU039,FCMHH0CQWDOCFR,CNK74200MX,CNK742018W,WHQRV0FGCK0RX1,8CJ7370MYQ | 8CJ7370NHM,,Onsite,5F PRODUCTION,5NPOD24C,,,,,Naga,PO005639,Bell Image,NAGDES13MQ,#N/A,,,,,Deployed
8CC44530FP,48:EA:62:29:A2:D3,Mini 400 G9,BEXHP0BTJDU0ID,FCMHH0CQWDOCPH,CNK80303VC,CNK7491D4D,WKFBA0CDDK132J,8CJ7490H9S | 8CJ7370MDR,,Onsite,5F PRODUCTION,5NPOD24D,,,,,Naga,PO005657,Bell Image,NAGDES30FP,#N/A,,,,,Deployed
8CC44530HB,6C:0B:5E:84:7A:AA,Mini 400 G9,9CP142QD9H,FCMHH0CQWDOCOE,CNK74207RF,CNK7420131,WKFBA0CARK2F1B,8CJ7370MHN | 8CJ7370MCS,,Onsite,5F PRODUCTION,5NPOD24E,,,,,Naga,PO005657,Bell Image,NAGDES30HB,#N/A,,,,,Deployed
8CC44530RP,48:EA:62:29:A2:74,Mini 400 G9,BEXHP0AWYDHH0P,FCMHH0CVADQL0O,CNK80303H7,CNK80304CL,WKFBA0CDDK169H,8CJ7370MKD | 8CJ7490HBF,,Onsite,5F PRODUCTION,5NPOD24F,,,,,Naga,PO005657,Bell Image,NAGDES30RP,#N/A,,,,,Deployed
8CC44413N8,6C:0B:5E:7A:E2:A9,Mini 400 G9,9CP142QDBD,9CP5192V87,CNK74208SR,CNK7490BFB,WKFBA0CDDK132Y,8CJ7370N07 | 8CJ7160197,,Onsite,5F PRODUCTION,5NPOD24G,,,,,Naga,PO005639,Bell Image,NAGDES13N8,#N/A,,,,,Deployed
8CC44413MR,6C:0B:5E:7A:E2:BA,Mini 400 G9,BEXHP0AWYDHGS4,FCMHH0CQWDOCP9,CNK80303H1,CNK80303S7,WKFBA0CCXK1MWD,8CJ73704FL | 8CJ7490HCC,,Onsite,5F PRODUCTION,5NPOD24H,,,,,Naga,PO005639,Bell Image,NAGDES13MR,#N/A,,,,,Deployed
8CC44530KK,48:EA:62:29:A3:AC,Mini 400 G9,BEXHP0BTJDU0LI,FCMHH0CQWE5D9R,CNK74200JK,CNK74207N8,WKFBA0CDDK16AD,8CJ7370MGH | 8CJ7370MC3,,Onsite,5F PRODUCTION,5NPOD24I,,,,,Naga,PO005657,Bell Image,NAGDES30KK,#N/A,,,,,Deployed
8CC44530R5,48:EA:62:29:A3:B4,Mini 400 G9,BEXHP0AWYDE0CD,9CP3082XFT,CNK80304QX,CNK8030486,WKFBA0CDDK13E0,8CJ7490HBD | 8CJ7490HSB,,Onsite,5F PRODUCTION,5NPOD24J,,,,,Naga,PO005657,Bell Image,NAGDES30R5,#N/A,,,,,Deployed
8CC44530CC,48:EA:62:29:A2:9D,Mini 400 G9,BEXHP0CUEEG0E2,FCMHH0CJPECBRM,CNK74200CX,CNK74208D6,WKFBA0CDDK13LA,8CJ7370MJX | 8CJ6280T0Z,,Onsite,5F PRODUCTION,5NPOD24K,,,,,Naga,PO005657,Bell Image,NAGDES30CC,#N/A,,,,,Deployed
8CC44530FZ,48:EA:62:29:A2:B5,Mini 400 G9,BEXHP0BTJDU0KX,FCMHH0CVADQM1J,CNK803048M,CNK80304D6,WKFBA0CDDK12ZZ,8CN041054P | 8CJ7361MBN,,Onsite,5F PRODUCTION,5NPOD24L,,,,,Naga,PO005657,Bell Image,NAGDES30FZ,#N/A,,,,,Deployed
8CC44530T0,48:EA:62:29:A2:54,Mini 400 G9,BEXHP0AWYDW06I,FCMHH0CJPECBAZ,CNK74200Z8,CNK74200TW,WKFBA0CDDK133E,8CJ7370MZ6 | 8CJ7361FMP,,Onsite,5F PRODUCTION,5NPOD24M,,,,,Naga,PO005657,Bell Image,NAGDES30T0,#N/A,,,,,Deployed
8CC44413N3,6C:0B:5E:7A:E2:AC,Mini 400 G9,9CP142QD1D,FCMHH0CQWDOCBM,CNK80303Z0,CNK8030410,WKFBA0CDDK131S,8CJ7361FLR | 8CJ7490H9Y,,Onsite,5F PRODUCTION,5NPOD24N,,,,,Naga,PO005639,Bell Image,NAGDES13N3,#N/A,,,,,Deployed
8CC44530NC,48:EA:62:29:A4:27,Mini 400 G9,BEXHP0AWYFK0DI,9CP3082WNK,3CM4112D90,CNK74902WM,WHQRV0FGCK0CSW,8CJ7490HBD | 8CJ7490HSB,,Onsite,5F PRODUCTION,5NPOD25,,,,,Naga,PO005657,Bell Image,NAGDES30NC,#N/A,,,,,Deployed
8CC44413NB,6C:0B:5E:7A:E2:A5,Mini 400 G9,BKSZU0CUEKR1LP,FCMHH0CQWDOCFM,CNK74200D3,CNK742086N,WKFBA0CCXK1NAT,8CJ7370MBP | 8CJ73704DP,,Onsite,5F PRODUCTION,5NPOD25A,,,,,Naga,PO005639,Bell Image,NAGDES13NB,#N/A,,,,,Deployed
8CC44530HX,6C:0B:5E:84:BE:00,Mini 400 G9,BKSZU0CUEKR068,FCMHH0CQWFVHQO,CNK80303ZC,CNK749043S,WKFBA0CDDK1660,8CJ73704F1 | 8CJ7361FCG,,Onsite,5F PRODUCTION,5NPOD25B,,,,,Naga,PO005657,Bell Image,NAGDES30HX,#N/A,,,,,Deployed
8CC44530MJ,6C:0B:5E:84:BD:DB,Mini 400 G9,9CP5192V7D,BKSZU0CUEKR1KV,CNK7420808,CNK74208JY,WKFBA0CDDK10WZ,8CJ7370MB4 | 8CJ7490HTB,,Onsite,5F PRODUCTION,5NPOD25C,,,,,Naga,PO005657,Bell Image,NAGDES30MJ,#N/A,,,,,Deployed
8CC44413NF,6C:0B:5E:7A:E2:A6,Mini 400 G9,BEXHP0AWYDHH4H,9CP3082WZF,CNK74200ZY,CNK8030411,WKFBA0CDDK1336,8CJ7370MFW | 8CJ7361FD8,,Onsite,5F PRODUCTION,5NPOD25D,,,,,Naga,PO005639,Bell Image,NAGDES13NF,#N/A,,,,,Deployed
8CC44530DZ,48:EA:62:29:A2:B9,Mini 400 G9,BKSZU0CUEKR1KZ,9CP5192V7N,CNK742000Q,CNK7420174,WKFBA0CDDK16A1,8CJ7370MBD | 8CJ7490HPK,,Onsite,5F PRODUCTION,5NPOD25E,,,,,Naga,PO005657,Bell Image,NAGDES30DZ,#N/A,,,,,Deployed
8CC44530TM,48:EA:62:29:A2:71,Mini 400 G9,BKSZU0AWYJZ3RR,FCMHH0CQWFV7VN,CNK74903JD,CNK80303H6,WKFBA0CDDK165U,8CJ7490J4G | 8CJ7361FK7,,Onsite,5F PRODUCTION,5NPOD25F,,,,,Naga,PO005657,Bell Image,NAGDES30TM,#N/A,,,,,Deployed
8CC44530N4,6C:0B:5E:84:BD:F3,Mini 400 G9,BKSZU0CUEM22EE,FKTFR0AQWLSVJ2,CNK80303TM,CNK803048T,WKFBA0CDDK1304,8CJ7370MCV | 8CJ7160197,,Onsite,5F PRODUCTION,5NPOD25G,,,,,Naga,PO005657,Bell Image,NAGDES30N4,#N/A,,,,,Deployed
8CC44530NP,48:EA:62:29:A4:1F,Mini 400 G9,BEXHP0AWYFK0DJ,9CP3082WPP,CNK80304R4,CNK74903H2,WKFBA0CDDK12Z2,8CJ7370MB5 | 8CJ7361FCW,,Onsite,5F PRODUCTION,5NPOD25H,,,,,Naga,PO005657,Bell Image,NAGDES30NP,#N/A,,,,,Deployed
8CC44530FV,48:EA:62:29:A1:8B,Mini 400 G9,9CP142QD84,FKTFR0AQWLHDTZ,CNK74208RR,CNK74208R8,WKFBA0CDDK13FA,8CJ7370MHB | 8CJ7490HZT,,Onsite,5F PRODUCTION,5NPOD25I,,,,,Naga,PO005657,Bell Image,NAGDES30FV,#N/A,,,,,Deployed
8CC44530T6,48:EA:62:29:A2:56,Mini 400 G9,9CP512PYRK,BEXHP0AWYE907C,CNK74200WZ,CNK74924FZ,WKFBA0CCXK1N0R,8CJ64911SB | 8CJ716019L,,Onsite,5F PRODUCTION,5NPOD25J,,,,,Naga,PO005657,Bell Image,NAGDES30T6,#N/A,,,,,Deployed
8CC44413MK,6C:0B:5E:7A:E2:BD,Mini 400 G9,BKSZU0CUEKR06D,9CT50204G3,CNK74200ZF,CNK80304QV,WKFBA0CDDK13CQ,8CJ7370MC0 | 8CJ7370MYL,,Onsite,5F PRODUCTION,5NPOD25K,,,,,Naga,PO005639,Bell Image,NAGDES13MK,#N/A,,,,,Deployed
8CC44530S9,48:EA:62:29:A2:8C,Mini 400 G9,BKSZU0CUEKR1M1,9CP5192TZ4,CNK80304RM,CNK80303H9,WKFBA0CCXK1N0O,8CJ73704FV | 8CJ7361FCK,,Onsite,5F PRODUCTION,5NPOD25L,,,,,Naga,PO005657,Bell Image,NAGDES30S9,#N/A,,,,,Deployed
8CC44530ST,48:EA:62:29:A1:CE,Mini 400 G9,9CP142QD0Y,9CP14705TV,CNK742012J,CNK742002Q,WKFBA0CDDK13CO,8CJ73704F3 | 8CJ73704CF,,Onsite,5F PRODUCTION,5NPOD25M,,,,,Naga,PO005657,Bell Image,NAGDES30ST,#N/A,,,,,Deployed
8CC44413MN,6C:0B:5E:7A:E2:BF,Mini 400 G9,BKSZU0CUEKR07Q,FKTFR0AWYKH3FX,CNK80303S0,CNK74902XC,WKFBA0CCXK1N91,8CN7370MH0 | 8CJ7361MBL,,Onsite,5F PRODUCTION,5NPOD25N,,,,,Naga,PO005639,Bell Image,NAGDES13MN,#N/A,,,,,Deployed
8CC44530S8,48:EA:62:29:A2:8B,Mini 400 G9,BDMGH0E5YFB2TZ,FKTFR0AWYKH4NB,3CM3461JLX,CNK7490BR9,WKFBA0CDDK13CB,8CJ7361FKG,,Onsite,5F PRODUCTION,5NPOD26,,,,,Naga,PO005657,Bell Image,NAGDES30S8,#N/A,,,,,Deployed
8CC44530JC,48:EA:62:29:A1:AD,Mini 400 G9,9CP246NV2R,FCMHH0CQWD0CA7,CN41412YGM,CN41412V27,WKFBA0CDDK13K4,8CJ7490HR4 | 8CJ7361FN8,,Onsite,5F PRODUCTION,5NPOD26A,,,,,Naga,PO005657,Bell Image,NAGDES30JC,#N/A,,,,,Deployed
8CC44530F9,48:EA:62:29:A2:C6,Mini 400 G9,9CT4390020,9CP5192V8G,CNK74200ZN,CNK74902V4,WKFBA0CDDK13JD,8CJ7490HSN | 8CJ7361FKF,,Onsite,5F PRODUCTION,5NPOD26B,,,,,Naga,PO005657,Bell Image,NAGDES30F9,#N/A,,,,,Deployed
8CC44530JD,48:EA:62:29:A1:89,Mini 400 G9,BKSZU0CUEKR067,no serial,CN41412Y28,CN41412YH2,WKFBA0CCXK1N0V,8CJ7490HQM | 8CJ7370N0G,,Onsite,5F PRODUCTION,5NPOD26C,,,,,Naga,PO005657,Bell Image,NAGDES30JD,#N/A,,,,,Deployed
8CC44530DK,6C:0B:5E:84:BC:A0,Mini 400 G9,BEXHP0BTJE6178,FCMHH0CJPECBPG,CN41412VBW,CN41412XSY,WKFBA0CDDK13LF,8CJ716018K | 8CJ7370N08,,Onsite,5F PRODUCTION,5NPOD26D,,,,,Naga,PO005657,Bell Image,NAGDES30DK,#N/A,,,,,Deployed
8CC44530JT,48:EA:62:29:A1:A4,Mini 400 G9,BKSZU0CUEKR1I6,9CP4301NDR,CNK7491D3J,CNK80303S3,WKFBA0CDDK13JR,8CJ7370MB8 | 8CJ7370MCG,,Onsite,5F PRODUCTION,5NPOD26E,,,,,Naga,PO005657,Bell Image,NAGDES30JT,#N/A,,,,,Deployed
8CC44530FF,48:EA:62:29:A2:C1,Mini 400 G9,BEXHP0CUEDU0D4,9CP14705VD,CNK74902VS,CNK803048F,WKFBA0CDDK116N,8CJ92676RC | 8CJ7361FD4,,Onsite,5F PRODUCTION,5NPOD26F,,,,,Naga,PO005657,Bell Image,NAGDES30FF,#N/A,,,,,Deployed
8CC44530LQ,6C:0B:5E:84:BD:F9,Mini 400 G9,BEXHP0CUEEG002,FCMHH0A67DOBOD,CNK74903HQ,CNK742086S,WKFBA0CDDK169U,8CJ73704C1 | 8CJ7160183,,Onsite,5F PRODUCTION,5NPOD26G,,,,,Naga,PO005657,Bell Image,NAGDES30LQ,#N/A,,,,,Deployed
8CC44530TB,48:EA:62:29:A2:58,Mini 400 G9,9CP142QD75,9CT4370IZY,CNK74208TY,CNK742000T,WKFBA0CDDK116U,8CJ7370MKJ | 8CJ7361FLY,,Onsite,5F PRODUCTION,5NPOD26H,,,,,Naga,PO005657,Bell Image,NAGDES30TB,#N/A,,,,,Deployed
8CC44530TN,48:EA:62:29:A2:72,Mini 400 G9,BEXHP0CUEEG00H,FCMHH0CQWDOCHL,CNK7491D44,CNK74200D4,WKFBA0CDDK13FW,8CJ7370496 | 8CJ7370MBB,,Onsite,5F PRODUCTION,5NPOD26I,,,,,Naga,PO005657,Bell Image,NAGDES30TN,#N/A,,,,,Deployed
8CC44530SM,48:EA:62:29:A1:D6,Mini 400 G9,BEXHP0AWYDW056,9CP4301N4P,CNK7420803,CNK74200N4,WKFBA0CDDK13K6,8CJ7361FC5 | 8CJ7370MBX,,Onsite,5F PRODUCTION,5NPOD26J,,,,,Naga,PO005657,Bell Image,NAGDES30SM,#N/A,,,,,Deployed
8CC44530T8,48:EA:62:29:A2:5D,Mini 400 G9,9CP226NKFW,9CP3082X3W,CNK742006Z,CNK74207VN,WKFBA0CDDK1398,8CJ7490HCQ | 8C7361FMK,,Onsite,5F PRODUCTION,5NPOD26K,,,,,Naga,PO005657,Bell Image,NAGDES30T8,#N/A,,,,,Deployed
8CC44530JX,48:EA:62:29:A1:A7,Mini 400 G9,BKSZU0CUEKR1IW,FCMHH0CQWDOCHQ,CNK74924CW,CNK74903HF,WKFBA0CDDK13J4,8CJ7370MYS | 8CJ7361FMF,,Onsite,5F PRODUCTION,5NPOD26L,,,,,Naga,PO005657,Bell Image,NAGDES30JX,#N/A,,,,,Deployed
8CC44530L0,48:EA:62:29:A3:DF,Mini 400 G9,BEXHP0AWYEG1MB,FKTFR0AQWLSVOA,CNK742000F,CNK74924BP,WKFBA0CDDK130G,8CJ7370MKZ | 8CJ64911S1,,Onsite,5F PRODUCTION,5NPOD26M,,,,,Naga,PO005657,Bell Image,NAGDES30L0,#N/A,,,,,Deployed
8CC5122LZT,24:FB:E3:C5:78:BD,Mini 400 G9,BKSZU0CUEKR053,9CT50203H6,CNK74207RG,CNK74200S3,WKFBA0CDDKP2E7,8CJ7370MYX | 8CJ7370MZX,,Onsite,5F PRODUCTION,5NPOD26N,,,,,Naga,PO006020,Bell Image,NAGDES2LZT,#N/A,,,,,Deployed
8CC44530HV,6C:0B:5E:84:BC:A8,Mini 400 G9,9CP246NTWR,9CT50202VQ,3CM4112FL4,CNK74902VP,WHQRV0FGCK0RTD,8CJ7490HV2,,Onsite,5F PRODUCTION,5NPOD27,,,,,Naga,PO005657,Bell Image,NAGDES30HV,#N/A,,,,,Deployed
8CC44530SW,48:EA:62:29:A1:C7,Mini 400 G9,BEXHP0AWYDHGV0,FCMHH0AKZDQSKW,CNK74200CC,CNK74903HZ,WKFBA0CDDK13QT,8CJ7370MKJ | 8CJ7361FLY,,Onsite,5F PRODUCTION,5NPOD27A,,,,,Naga,PO005657,Bell Image,NAGDES30SW,#N/A,,,,,Deployed
8CC44530PV,48:EA:62:29:A2:50,Mini 400 G9,BKSZU0CUEK50VH,FCMHH0CQWDOCRG,CNK74200TY,CNK80304FL,WKFBA0CDDK1338,8CJ7370MK6 | 8CJ7160193,,Onsite,5F PRODUCTION,5NPOD27B,,,,,Naga,PO005657,Bell Image,NAGDES30PV,#N/A,,,,,Deployed
8CC44413ND,6C:0B:5E:7A:E2:A7,Mini 400 G9,BKSZU0CUEK4ABY,9CT50203FT,CNK80304RG,CNK74902XK,WKFBA0CDDK131U,8CJ7361FN9 | 8CJ7370MK6,,Onsite,5F PRODUCTION,5NPOD27C,,,,,Naga,PO005639,Bell Image,NAGDES13ND,#N/A,,,,,Deployed
8CC44530P6,48:EA:62:29:A2:3E,Mini 400 G9,BKSZU0AWYK202Y,9CT50204FO,CNK80304FN,CNK7490BG9,WKFBA0CDDK138Z,8CJ7370MBK | 8CJ7370MZD,,Onsite,5F PRODUCTION,5NPOD27D,,,,,Naga,PO005657,Bell Image,NAGDES30P6,#N/A,,,,,Deployed
8CC44530SY,48:EA:62:29:A1:C9,Mini 400 G9,BKSZU0CUEK50UC,FCMHH0A67DOBP2,CNK7490BVS,CNK80304D1,WKFBA0CDDK169T,8CJ7370MBK | 8CJ716019C,,Onsite,5F PRODUCTION,5NPOD27E,,,,,Naga,PO005657,Bell Image,NAGDES30SY,#N/A,,,,,Deployed
8CC44530RW,48:EA:62:29:A2:77,Mini 400 G9,BEXHP0AWYDW0AL,FCMHH0CQWA0S7V,CNK80303V2,CNK74208S3,WKFBA0CDDK1307,8CJ7370MYG | 8CJ7370395,,Onsite,5F PRODUCTION,5NPOD27F,,,,,Naga,PO005657,Bell Image,NAGDES30RW,#N/A,,,,,Deployed
8CC5122M2X,24:FB:E3:C4:43:42,Mini 400 G9,9CP142QD0V,FCMHH0CQWDOCCC,CNK742012Z,CNK74200P2,WKFBA0CARKP7AG,8CJ7490HPQ | 8CJ73704FL,,Onsite,5F PRODUCTION,5NPOD27G,,,,,Naga,PO006020,Bell Image,NAGDES2M2X,#N/A,,,,,Deployed
8CC44530QP,48:EA:62:29:A3:A2,Mini 400 G9,BEXHP0CUEDH550,9CP5192TZH,CN41412VBG,CN41412V9V,WKFBA0CCXK1KI0,8CJ7370MBT | 8CJ7490J46,,Onsite,5F PRODUCTION,5NPOD27H,,,,,Naga,PO005657,Bell Image,NAGDES30QP,#N/A,,,,,Deployed
8CC44530S1,48:EA:62:29:A2:82,Mini 400 G9,9CP512PYRD,9CP3082X08,CN41412YH7,CN41412Y6V,WKFBA0CDDK131W,8CJ7490J12 | 8CJ7370MBT,,Onsite,5F PRODUCTION,5NPOD27I,,,,,Naga,PO005657,Bell Image,NAGDES30S1,#N/A,,,,,Deployed
8CC44530KR,48:EA:62:29:A3:DC,Mini 400 G9,9CT43603YE,FCMHH0CVADQM1P,CN41412V1D,CN41412V9M,WKFBA0CCXK1N0Q,8CJ737038S | 8CJ73704F5,,Onsite,5F PRODUCTION,5NPOD27J,,,,,Naga,PO005657,Bell Image,NAGDES30KR,#N/A,,,,,Deployed
8CC44530LX,48:EA:62:29:A4:38,Mini 400 G9,BEXHP0CUEDU0LT,FCMHH0CJPECBA8,CNK7491D3G,CNK74200K5,WKFBA0CDDK169L,8CJ7370MYS | 8CJ737038N,,Onsite,5F PRODUCTION,5NPOD27K,,,,,Naga,PO005657,Bell Image,NAGDES30LX,#N/A,,,,,Deployed
8CC44530S7,48:EA:62:29:A2:84,Mini 400 G9,BKSZU0CUEKR1W6,FCMHH0CQWDOCL4,CNK7490BFR,CNK74207V2,WKFBA0CDDK13BV,8CJ716018Y | 8CJ7370MKD,,Onsite,5F PRODUCTION,5NPOD27L,,,,,Naga,PO005657,Bell Image,NAGDES30S7,#N/A,,,,,Deployed
8CC44530HF,6C:0B:5E:84:7A:B4,Mini 400 G9,BKSZU0CUEKR0EQ,FCMHH0CQWDOCOW,CNK7490BST,CNK74208LM,WKFBA0CDDK12Z1,8CJ7370MGH | 8CJ737038J,,Onsite,5F PRODUCTION,5NPOD27M,,,,,Naga,PO005657,Bell Image,NAGDES30HF,#N/A,,,,,Deployed
8CC44413MX,6C:0B:5E:7A:E2:B7,Mini 400 G9,9CP149N8C3,FCMHH0AKZDQSKB,CNK74200S0,CNK74200VT,WKFBA0CDDK133U,8CJ64911QS | 8CJ7370396,,Onsite,5F PRODUCTION,5NPOD27N,,,,,Naga,PO005639,Bell Image,NAGDES13MX,#N/A,,,,,Deployed
8CC44530J8,48:EA:62:29:A1:99,Mini 400 G9,BEXHP0CUEDU0D6,FCMHH0CJPECB9Z,CNK74200C7,CNK742087D,WKFBA0CDDK130Q,8CJ7370MZZ,,Onsite,5F PRODUCTION,5NPOD28,,,,,Naga,PO005657,Bell Image,NAGDES30J8,#N/A,,,,,Deployed
8CC5122LW0,24:FB:E3:C5:76:95,Mini 400 G9,BEXHP0CUEDU0E3,No Serial,CN41412VCR,CN41412VC8,WKFBA0CARKP3Y7,8CJ7361M4M | 8CJ7370MK8,,Onsite,5F PRODUCTION,5NPOD28A,,,,,Naga,PO006020,Bell Image,NAGDES2LW0,#N/A,,,,,Deployed
8CC5122LQM,24:FB:E3:C5:77:94,Mini 400 G9,BKSZU0CUEKR0E6,FCMHH0CVADQK0Z,CN41412Y5P,CN41412VBR,WKFBA0CCXKBKC2,8CJ7361FC5 | 8CJ7370MZR,,Onsite,5F PRODUCTION,5NPOD28B,,,,,Naga,PO006020,Bell Image,NAGDES2LQM,#N/A,,,,,Deployed
8CC5122M07,24:FB:E3:C4:36:76,Mini 400 G9,BEXHP0CUEEG0DY,FKTFR0AQWLSV4V,CNK74208W7,CNK74207Y4,WKFBA0CARKP78V,8CJ7370MKJ | 8CJ7361FCV,,Onsite,5F PRODUCTION,5NPOD28C,,,,,Naga,PO006020,Bell Image,NAGDES2M07,#N/A,,,,,Deployed
8CC5122LYX,24:FB:E3:C5:77:B4,Mini 400 G9,BEXHP0CUEDU09M,FCMHH0CQWDOCC3,CNK80304FZ,CNK74207ZM,WKFBA0CDDKP2FK,8CJ64911RM | 8CJ7490J4G,,Onsite,5F PRODUCTION,5NPOD28D,,,,,Naga,PO006020,Bell Image,NAGDES2LYX,#N/A,,,,,Deployed
8CC5122LYZ,24:FB:E3:C5:77:B2,Mini 400 G9,BEXHP0CUEEG05S,FCMHH0CQWA0SDY,CNK74902WJ,CNK7420152,WHQRV0JGCM1916,8CJ6491RM,,Onsite,5F PRODUCTION,5NPOD28E,,,,,Naga,PO006020,Bell Image,NAGDES2LYZ,#N/A,,,,,Deployed
8CC5122LV8,24:FB:E3:C5:79:16,Mini 400 G9,BEXHP0AWYDW06F,FKTFR0AQWK3SE5,CNK74208DK,CNK74208K5,WHQRV0JGCM11UL,8CJ7370N06,,Onsite,5F PRODUCTION,5NPOD28F,,,,,Naga,PO006020,Bell Image,NAGDES2LV8,#N/A,,,,,Deployed
8CC5122M4M,24:FB:E3:C4:3E:BC,Mini 400 G9,BEXHP0AWYFK08U,FCMHH0CQWDOCKV,CNK74902YR,CNK74207ZK,WHQRV0JGCM6CEM,8CJ7370MD9,,Onsite,5F PRODUCTION,5NPOD28G,,,,,Naga,PO006020,Bell Image,NAGDES2M4M,#N/A,,,,,Deployed
8CC5122LTV,24:FB:E3:C5:78:07,Mini 400 G9,BEXHP0AWYDW06F,9CP3082WQ4,CNK7490B78,CNK74207NN,WHQRV0JGCM121J,8CJ7160187,,Onsite,5F PRODUCTION,5NPOD28H,,,,,Naga,PO006020,Bell Image,NAGDES2LTV,#N/A,,,,,Deployed
8CC5122M0K,24:FB:E3:C4:36:A0,Mini 400 G9,BEXHP0AWYDW04N,No SN,CNK803048R,CNK74207M5,WHQRV0JGCM18SA,8CJ7370NH4,,Onsite,5F PRODUCTION,5NPOD28I,,,,,Naga,PO006020,Bell Image,NAGDES2M0K,#N/A,,,,,Deployed
8CC5122M4S,24:FB:E3:C4:44:2A,Mini 400 G9,BKSZU0CUEK50N5,FCMHH0CJPECBOP,CN41412YH4,CN41412V1G,WHQRV0JGCM1282,8CJ7370MZS,,Onsite,5F PRODUCTION,5NPOD28J,,,,,Naga,PO006020,Bell Image,NAGDES2M4S,#N/A,,,,,Deployed
8CC5122M1J,24:FB:E3:C4:44:5D,Mini 400 G9,BEXHP0AWYDHH39,FCMHH0A67DOBP7,CN41412YGY,CN41412T6C,WHQRV0JGCM18P1,8CJ7361FD2,,Onsite,5F PRODUCTION,5NPOD28K,,,,,Naga,PO006020,Bell Image,NAGDES2M1J,#N/A,,,,,Deployed
8CC6140Q1X,B8:87:88:1B:57:96,Mini 400 G9,9CP246NTX1,No SN,CN41412V2F,CN41412V1Z,WHQRV0JGCM6CB6,8CJ7361M3V,,Onsite,5F PRODUCTION,5NPOD28L,,,,,Naga,PO007001,Bell Image,NAGDES0Q1X,#N/A,,,,,Deployed
8CC44530H9,6C:0B:5E:84:7A:AC,Mini 400 G9,BKSZU0CUEK58AW,9CT4370IZ4,CNK7491D3Y,CNK74924CN,WHQRV0FGCK0TD1,8CJ7361FLK,,Onsite,5F PRODUCTION,5NPOD29,,,,,Naga,PO005657,Bell Image,NAGDES30H9,#N/A,,,,,Deployed
8CC6140R9Z,B8:87:88:1B:54:A9,Mini 400 G9,9CP226NKJY,FCMHH0CQWA0SDR,CNK74924D0,CNK749031N,WHQRV0JGCM18PD,8CJ7370MXG,,Onsite,5F PRODUCTION,5NPOD29A,,,,,Naga,PO007001,Bell Image,NAGDES0R9Z,#N/A,,,,,Deployed
8CC6140QHS,B8:87:88:1B:55:99,Mini 400 G9,BEXHP0BTJE80OB,No SN,CNK7490BTC,CNK74924KM,WHQRV0JGCM18Q9,8CJ7490HBJ,,Onsite,5F PRODUCTION,5NPOD29B,,,,,Naga,PO007001,Bell Image,NAGDES0QHS,#N/A,,,,,Deployed
8CC6140QYD,B8:87:88:1B:52:D2,Mini 400 G9,BEXHP0AWYDR8VB,FCMHH0CQWE8GPS,CNK74200XY,CNK74200RX,WHQRV0JGCM6CHA,8CJ73704CN,,Onsite,5F PRODUCTION,5NPOD29C,,,,,Naga,PO007001,Bell Image,NAGDES0QYD,#N/A,,,,,Deployed
8CC6140RDQ,B8:87:88:1B:51:84,Mini 400 G9,9CP149N8GZ,FCMHH0CQWE8GOO,CNK74924CQ,CNK7490BBR,WHQRV0JGCM6C58,8CJ7490HQV,,Onsite,5F PRODUCTION,5NPOD29D,,,,,Naga,PO007001,Bell Image,NAGDES0RDQ,#N/A,,,,,Deployed
8CC6140PZJ,B8:87:88:1B:56:1B,Mini 400 G9,BEXHP0BTJE617B,FKTFR0AQWLSV4B,CNK80304G0,CNK7420035,WHQRV0JGCM6C1K,8CJ7490HPF,,Onsite,5F PRODUCTION,5NPOD29E,,,,,Naga,PO007001,Bell Image,NAGDES0PZJ,#N/A,,,,,Deployed
8CC6140R86,B8:87:88:1B:51:F3,Mini 400 G9,BKSZU0CUEK50QM,9CP14705V7,CNK7490334,CNK749032K,WHQRV0JGCM18P6,8CJ7370MHG,,Onsite,5F PRODUCTION,5NPOD29F,,,,,Naga,PO007001,Bell Image,NAGDES0R86,#N/A,,,,,Deployed
8CC6140PML,B8:87:88:1B:55:41,Mini 400 G9,9CT43603R9,FCMHH0CJPECBB5,CNK749032W,CNK74208WX,WHQRV0JGCM18XI,8CJ7370MG5,,Onsite,5F PRODUCTION,5NPOD29G,,,,,Naga,PO007001,Bell Image,NAGDES0PML,#N/A,,,,,Deployed
8CC6140QD1,B8:87:88:1B:53:9D,Mini 400 G9,BEXHP0AWYDE0C6,FCMHH0CQWA1VK1,1H36132TSC,CNK74924L8,WHQRV0JGCM1944,8CJ7370MHF,,Onsite,5F PRODUCTION,5NPOD29H,,,,,Naga,PO007001,Bell Image,NAGDES0QD1,#N/A,,,,,Deployed
8CC6140Q7G,B8:87:88:1B:55:31,Mini 400 G9,BEXHP0CUEEG0BO,FCMHH0CVADQM5Q,1H36132TJP,CNK80304RJ,WHQRV0JGCM12D2,8CJ7361FLB,,Onsite,5F PRODUCTION,5NPOD29I,,,,,Naga,PO007001,Bell Image,NAGDES0Q7G,#N/A,,,,,Deployed
8CC6140PPF,B8:87:88:1B:54:FF,Mini 400 G9,BEXHP0AWYDHGWN,FCMHH0CQWDOCNR,1H36132TRJ,CNK74924KJ,WHQRV0JGCM11XL,8CJ7361FKZ,,Onsite,5F PRODUCTION,5NPOD29J,,,,,Naga,PO007001,Bell Image,NAGDES0PPF,#N/A,,,,,Deployed
8CC6140Q60,B8:87:88:1B:53:B6,Mini 400 G9,BEXHP0BTJE6151,FCMHH0CQWEEZ6S,1H36132TJ7,CNK7490BBN,WHQRV0JGCM11U8,8CJ7361FKR,,Onsite,5F PRODUCTION,5NPOD29K,,,,,Naga,PO007001,Bell Image,NAGDES0Q60,#N/A,,,,,Deployed
8CC6140Q2B,B8:87:88:1B:57:35,Mini 400 G9,BEXHP0BTJE615G,FKTFR0AQWL0MLC,1H36132TPX,CNK749032R,WHQRV0JGCM6CIZ,8CJ7361FKV,,Onsite,5F PRODUCTION,5NPOD29L,,,,,Naga,PO007001,Bell Image,NAGDES0Q2B,#N/A,,,,,Deployed
8CC6140PZG,B8:87:88:1B:56:1C,Mini 400 G9,BEXHP0CUEDU0E6,9CP14705VB,1H36132THM,CNK74200P8,WHQRV0JGCM18NG,8CJ7361FCB,,Onsite,5F PRODUCTION,5NPOD29M,,,,,Naga,PO007001,Bell Image,NAGDES0PZG,#N/A,,,,,Deployed
8CC6140RD5,B8:87:88:1B:51:94,Mini 400 G9,BEXHP0BTJE902G,FKTFR0AQWLSVQB,1H36132TKQ,CNK74924KK,WHQRV0JGCM120Y,8CJ7361FLC,,Onsite,5F PRODUCTION,5NPOD29N,,,,,Naga,PO007001,Bell Image,NAGDES0RD5,#N/A,,,,,Deployed
8CC44530NS,48:EA:62:29:A2:3B,Mini 400 G9,BEXHP0AWYDHGTS,FCMHH0CVADQM61,CNK74207Y7,CNK80304RH,WHQRV0FGCK0RNK,8CJ7160184,,Onsite,5F PRODUCTION,5NPOD30,,,,,Naga,PO005657,Bell Image,NAGDES30NS,#N/A,,,,,Deployed
8CC5431CVX,AC:F4:66:B9:14:E2,Mini 400 G9,BEXHP0CUEEE0BT,SN Unreadable,1H35170C6B,CNK74924KZ,WKFBA0CDDK9EF9,8CJ7490HQ1,,Onsite,5F PRODUCTION,5NPOD30A,,,,,Naga,PO006535,Bell Image,NAGDES1CVX,#N/A,,,,,Deployed
8CC5122LXP,24:FB:E3:C5:77:9A,Mini 400 G9,9CP142QDB4,FCMHH0CQWFV7X0,1H35170C7J,CNK803047Z,WKFBA0CARKP78M,8CJ73704FQ,,Onsite,5F PRODUCTION,5NPOD30B,,,,,Naga,PO006020,Bell Image,NAGDES2LXP,#N/A,,,,,Deployed
8CC5122M1X,24:FB:E3:C4:44:4D,Mini 400 G9,BKSZU0CUEK589B,9CP4301N5R,1H35170DBY,CNK74200MP,WKFBA0CDDLH7GQ,8CJ7361MBQ,,Onsite,5F PRODUCTION,5NPOD30C,,,,,Naga,PO006020,Bell Image,NAGDES2M1X,#N/A,,,,,Deployed
8CC5431CT9,,Mini 400 G9,BKSZU0CUEK50J2,FCMHH0AHDFTDLW,3CM4112FT9,CNK7490331,WKFBA0CARKP78B,8CJ716018T,,Onsite,5F PRODUCTION,5NPOD30D,,,,,Naga,PO006535,Bell Image,NAGDES1CT9,#N/A,,,,,Deployed
8CC6140RCV,B8:87:88:1B:52:36,Mini 400 G9,BKSZU0AWYK08U5,FCMHH0CJPECBA9,3CM3461JLJ,CNK7490BG2,WKFBA0CDDLH3O5,8CJ7370NGC,,Onsite,5F PRODUCTION,5NPOD30E,,,,,Naga,PO007001,Bell Image,NAGDES0RCV,#N/A,,,,,Deployed
8CC5122MKX,24:FB:E3:C4:42:FF,Mini 400 G9,BEXHP0CUEDV04B,9CP3082X07,CNK7420015,CNK74924L5,WKFBA0CDDKP2FG,8CJ7361FDF | 8CJ64911SK,,Onsite,5F PRODUCTION,5NPOD30F,,,,,Naga,PO006020,Bell Image,NAGDES2MKX,#N/A,,,,,Deployed
8CC5122M2Q,24:FB:E3:C4:36:70,Mini 400 G9,9CP226NKF4,FCMHH0CQWE5D57,CNK74200TJ,CNK74208RN,WKFBA0CARKP78D,8CJ7370MCC | 8CJ7490HTM,,Onsite,5F PRODUCTION,5NPOD30G,,,,,Naga,PO006020,Bell Image,NAGDES2M2Q,#N/A,,,,,Deployed
8CC6140RD1,B8:87:88:1B:52:31,Mini 400 G9,BEXHP0BTJDU0S4,No SN,1H36132TKW,CNK749032Q,WHQRV0JGCM6CD1,8CJ64911QB,,Onsite,5F PRODUCTION,5NPOD30H,,,,,Naga,PO007001,Bell Image,NAGDES0RD1,#N/A,,,,,Deployed
8CC6140RG9,B8:87:88:1B:53:13,Mini 400 G9,BKSZU0CUEK58ES,FKTFR0AWYKH3SG,1H36132TJD,CNK749031Z,WHQRV0JGCM6BTJ,8CJ7361FMG,,Onsite,5F PRODUCTION,5NPOD30I,,,,,Naga,PO007001,Bell Image,NAGDES0RG9,#N/A,,,,,Deployed
8CC5122M37,24:FB:E3:C4:36:77,Mini 400 G9,BEXHP0AWYDHH63,9CP14705VV,1H36132TGX,CNK74924CL,WHQRV0JGCM12CE,8CJ64912WX,,Onsite,5F PRODUCTION,5NPOD30J,,,,,Naga,PO006020,Bell Image,NAGDES2M37,#N/A,,,,,Deployed
8CC6140QGW,B8:87:88:1B:54:2E,Mini 400 G9,BKSZU0CUEK58AQ,No SN,1H36132TSG,CNK74207VC,WHQRV0JGCM129M,8CJ7490HS2,,Onsite,5F PRODUCTION,5NPOD30K,,,,,Naga,PO007001,Bell Image,NAGDES0QGW,#N/A,,,,,Deployed
8CC6140RLZ,B8:87:88:1B:53:8F,Mini 400 G9,BKSZU0CUEK588T,FCMHH0CVADQL3D,1H36132TKF,CNK74200Y9,WHQRV0JGCM1918,8CJ7160189,,Onsite,5F PRODUCTION,5NPOD30L,,,,,Naga,PO007001,Bell Image,NAGDES0RLZ,#N/A,,,,,Deployed
8CC6140Q2T,B8:87:88:1B:57:23,Mini 400 G9,BEXHP0BTJE80RN,FCMHH0AKZDQSKX,1H36132TSW,CNK80304CW,WHQRV0JGCM11WW,8CJ7490HNW,,Onsite,5F PRODUCTION,5NPOD30M,,,,,Naga,PO007001,Bell Image,NAGDES0Q2T,#N/A,,,,,Deployed
8CC6140QMW,B8:87:88:1B:55:8F,Mini 400 G9,BKSZU0CUEK5896,FCMHH0AKZDQSL6,1H36132TJN,CNK74903J3,WHQRV0JGCM18QC,8CJ716019N,,Onsite,5F PRODUCTION,5NPOD30N,,,,,Naga,PO007001,Bell Image,NAGDES0QMW,#N/A,,,,,Deployed
